filepath,label,class_name
data/Aster/Aster (441).jpeg,0,Aster
data/Aster/Aster (113).jpeg,0,Aster
data/Aster/Aster (1205).jpeg,0,Aster
data/Aster/Aster (742).jpeg,0,Aster
data/Aster/Aster (869).jpeg,0,Aster
data/Aster/Aster (1413).jpeg,0,Aster
data/Aster/Aster (738).jpeg,0,Aster
data/Aster/Aster (782).jpeg,0,Aster
data/Aster/Aster (64).jpeg,0,Aster
data/Aster/Aster (467).jpeg,0,Aster
data/Aster/Aster (1318).jpeg,0,Aster
data/Aster/Aster (329).jpeg,0,Aster
data/Aster/Aster (1408).jpeg,0,Aster
data/Aster/Aster (1282).jpeg,0,Aster
data/Aster/Aster-Valid (303).jpeg,0,Aster
data/Aster/Aster (481).jpeg,0,Aster
data/Aster/Aster (1165).jpeg,0,Aster
data/Aster/Aster (234).jpeg,0,Aster
data/Aster/Aster (422).jpeg,0,Aster
data/Aster/Aster-Valid (2).jpeg,0,Aster
data/Aster/Aster (1221).jpeg,0,Aster
data/Aster/Aster (1325).jpeg,0,Aster
data/Aster/Aster (723).jpeg,0,Aster
data/Aster/Aster (66).jpeg,0,Aster
data/Aster/Aster (603).jpeg,0,Aster
data/Aster/Aster-Valid (379).jpeg,0,Aster
data/Aster/Aster (766).jpeg,0,Aster
data/Aster/Aster (896).jpeg,0,Aster
data/Aster/Aster (483).jpeg,0,Aster
data/Aster/Aster (1019).jpeg,0,Aster
data/Aster/Aster (707).jpeg,0,Aster
data/Aster/Aster-Valid (470).jpeg,0,Aster
data/Aster/Aster (502).jpeg,0,Aster
data/Aster/Aster (1266).jpeg,0,Aster
data/Aster/Aster (1002).jpeg,0,Aster
data/Aster/Aster-Valid (22).jpeg,0,Aster
data/Aster/Aster (1207).jpeg,0,Aster
data/Aster/Aster (316).jpeg,0,Aster
data/Aster/Aster-Valid (41).jpeg,0,Aster
data/Aster/Aster (99).jpeg,0,Aster
data/Aster/Aster (705).jpeg,0,Aster
data/Aster/Aster (1143).jpeg,0,Aster
data/Aster/Aster (1238).jpeg,0,Aster
data/Aster/Aster (255).jpeg,0,Aster
data/Aster/Aster (1198).jpeg,0,Aster
data/Aster/Aster (40).jpeg,0,Aster
data/Aster/Aster (1167).jpeg,0,Aster
data/Aster/Aster-Valid (106).jpeg,0,Aster
data/Aster/Aster (196).jpeg,0,Aster
data/Aster/Aster-Valid (496).jpeg,0,Aster
data/Aster/Aster-Valid (238).jpeg,0,Aster
data/Aster/Aster-Valid (181).jpeg,0,Aster
data/Aster/Aster (1063).jpeg,0,Aster
data/Aster/Aster (856).jpeg,0,Aster
data/Aster/Aster (1047).jpeg,0,Aster
data/Aster/Aster (561).jpeg,0,Aster
data/Aster/Aster (111).jpeg,0,Aster
data/Aster/Aster (393).jpeg,0,Aster
data/Aster/Aster (1346).jpeg,0,Aster
data/Aster/Aster-Valid (384).jpeg,0,Aster
data/Aster/Aster (353).jpeg,0,Aster
data/Aster/Aster-Valid (325).jpeg,0,Aster
data/Aster/Aster (1362).jpeg,0,Aster
data/Aster/Aster-Valid (360).jpeg,0,Aster
data/Aster/Aster-Valid (98).jpeg,0,Aster
data/Aster/Aster (1087).jpeg,0,Aster
data/Aster/Aster (23).jpeg,0,Aster
data/Aster/Aster (1379).jpeg,0,Aster
data/Aster/Aster (443).jpeg,0,Aster
data/Aster/Aster (1264).jpeg,0,Aster
data/Aster/Aster (1122).jpeg,0,Aster
data/Aster/Aster-Valid (327).jpeg,0,Aster
data/Aster/Aster (271).jpeg,0,Aster
data/Aster/Aster (38).jpeg,0,Aster
data/Aster/Aster (618).jpeg,0,Aster
data/Aster/Aster (1120).jpeg,0,Aster
data/Aster/Aster (404).jpeg,0,Aster
data/Aster/Aster (1139).jpeg,0,Aster
data/Aster/Aster (1106).jpeg,0,Aster
data/Aster/Aster (1242).jpeg,0,Aster
data/Aster/Aster (547).jpeg,0,Aster
data/Aster/Aster (59).jpeg,0,Aster
data/Aster/Aster (519).jpeg,0,Aster
data/Aster/Aster (524).jpeg,0,Aster
data/Aster/Aster (660).jpeg,0,Aster
data/Aster/Aster (108).jpeg,0,Aster
data/Aster/Aster (209).jpeg,0,Aster
data/Aster/Aster (135).jpeg,0,Aster
data/Aster/Aster (406).jpeg,0,Aster
data/Aster/Aster (80).jpeg,0,Aster
data/Aster/Aster-Valid (65).jpeg,0,Aster
data/Aster/Aster-Valid (386).jpeg,0,Aster
data/Aster/Aster-Valid (58).jpeg,0,Aster
data/Aster/Aster-Valid (411).jpeg,0,Aster
data/Aster/Aster (870).jpeg,0,Aster
data/Aster/Aster (1181).jpeg,0,Aster
data/Aster/Aster (1456).jpeg,0,Aster
data/Aster/Aster (1240).jpeg,0,Aster
data/Aster/Aster-Valid (139).jpeg,0,Aster
data/Aster/Aster-Valid (472).jpeg,0,Aster
data/Aster/Aster-Valid (318).jpeg,0,Aster
data/Aster/Aster-Valid (205).jpeg,0,Aster
data/Aster/Aster (465).jpeg,0,Aster
data/Aster/Aster (1299).jpeg,0,Aster
data/Aster/Aster (974).jpeg,0,Aster
data/Aster/Aster-Valid (167).jpeg,0,Aster
data/Aster/Aster (684).jpeg,0,Aster
data/Aster/Aster (950).jpeg,0,Aster
data/Aster/Aster (835).jpeg,0,Aster
data/Aster/Aster (172).jpeg,0,Aster
data/Aster/Aster (811).jpeg,0,Aster
data/Aster/Aster-Valid (141).jpeg,0,Aster
data/Aster/Aster (332).jpeg,0,Aster
data/Aster/Aster-Valid (435).jpeg,0,Aster
data/Aster/Aster (314).jpeg,0,Aster
data/Aster/Aster (917).jpeg,0,Aster
data/Aster/Aster-Valid (282).jpeg,0,Aster
data/Aster/Aster (578).jpeg,0,Aster
data/Aster/Aster-Valid (183).jpeg,0,Aster
data/Aster/Aster (931).jpeg,0,Aster
data/Aster/Aster (351).jpeg,0,Aster
data/Aster/Aster (377).jpeg,0,Aster
data/Aster/Aster (625).jpeg,0,Aster
data/Aster/Aster-Valid (20).jpeg,0,Aster
data/Aster/Aster (808).jpeg,0,Aster
data/Aster/Aster-Valid (122).jpeg,0,Aster
data/Aster/Aster-Valid (408).jpeg,0,Aster
data/Aster/Aster (1435).jpeg,0,Aster
data/Aster/Aster (526).jpeg,0,Aster
data/Aster/Aster (1303).jpeg,0,Aster
data/Aster/Aster (170).jpeg,0,Aster
data/Aster/Aster-Valid (362).jpeg,0,Aster
data/Aster/Aster (137).jpeg,0,Aster
data/Aster/Aster (1472).jpeg,0,Aster
data/Aster/Aster (1024).jpeg,0,Aster
data/Aster/Aster-Valid (413).jpeg,0,Aster
data/Aster/Aster (42).jpeg,0,Aster
data/Aster/Aster (915).jpeg,0,Aster
data/Aster/Aster-Valid (39).jpeg,0,Aster
data/Aster/Aster (780).jpeg,0,Aster
data/Aster/Aster (1386).jpeg,0,Aster
data/Aster/Aster (1496).jpeg,0,Aster
data/Aster/Aster (894).jpeg,0,Aster
data/Aster/Aster-Valid (81).jpeg,0,Aster
data/Aster/Aster-Valid (240).jpeg,0,Aster
data/Aster/Aster (928).jpeg,0,Aster
data/Aster/Aster (391).jpeg,0,Aster
data/Aster/Aster-Valid (266).jpeg,0,Aster
data/Aster/Aster-Valid (207).jpeg,0,Aster
data/Aster/Aster-Valid (104).jpeg,0,Aster
data/Aster/Aster-Valid (280).jpeg,0,Aster
data/Aster/Aster (949).jpeg,0,Aster
data/Aster/Aster (976).jpeg,0,Aster
data/Aster/Aster (273).jpeg,0,Aster
data/Aster/Aster (627).jpeg,0,Aster
data/Aster/Aster (1360).jpeg,0,Aster
data/Aster/Aster (1183).jpeg,0,Aster
data/Aster/Aster-Valid (221).jpeg,0,Aster
data/Aster/Aster (1223).jpeg,0,Aster
data/Aster/Aster (990).jpeg,0,Aster
data/Daisy/Daisy-Valid (58).jpeg,1,Daisy
data/Daisy/Daisy-Valid (204).jpeg,1,Daisy
data/Daisy/Daisy-Valid (259).jpeg,1,Daisy
data/Daisy/Daisy-Valid (146).jpeg,1,Daisy
data/Daisy/Daisy-Valid (165).jpeg,1,Daisy
data/Daisy/Daisy-Valid (166).jpeg,1,Daisy
data/Daisy/Daisy-Valid (179).jpeg,1,Daisy
data/Daisy/Daisy-Valid (81).jpeg,1,Daisy
data/Daisy/Daisy-Valid (185).jpeg,1,Daisy
data/Daisy/Daisy-Valid (303).jpeg,1,Daisy
data/Daisy/Daisy-Valid (429).jpeg,1,Daisy
data/Daisy/Daisy-Valid (221).jpeg,1,Daisy
data/Daisy/Daisy-Valid (302).jpeg,1,Daisy
data/Daisy/Daisy-Valid (238).jpeg,1,Daisy
data/Daisy/Daisy-Valid (285).jpeg,1,Daisy
data/Daisy/Daisy-Valid (202).jpeg,1,Daisy
data/Daisy/Daisy-Valid (280).jpeg,1,Daisy
data/Daisy/Daisy-Valid (493).jpeg,1,Daisy
data/Daisy/Daisy-Valid (449).jpeg,1,Daisy
data/Daisy/Daisy-Valid (327).jpeg,1,Daisy
data/Daisy/Daisy-Valid (22).jpeg,1,Daisy
data/Daisy/Daisy-Valid (470).jpeg,1,Daisy
data/Daisy/Daisy-Valid (282).jpeg,1,Daisy
data/Daisy/Daisy-Valid (106).jpeg,1,Daisy
data/Daisy/Daisy-Valid (379).jpeg,1,Daisy
data/Daisy/Daisy-Valid (367).jpeg,1,Daisy
data/Daisy/Daisy-Valid (414).jpeg,1,Daisy
data/Daisy/Daisy-Valid (475).jpeg,1,Daisy
data/Daisy/Daisy-Valid (301).jpeg,1,Daisy
data/Daisy/Daisy-Valid (258).jpeg,1,Daisy
data/Daisy/Daisy-Valid (47).jpeg,1,Daisy
data/Daisy/Daisy-Valid (63).jpeg,1,Daisy
data/Daisy/Daisy-Valid (343).jpeg,1,Daisy
data/Daisy/Daisy-Valid (347).jpeg,1,Daisy
data/Daisy/Daisy-Valid (471).jpeg,1,Daisy
data/Daisy/Daisy-Valid (183).jpeg,1,Daisy
data/Daisy/Daisy-Valid (468).jpeg,1,Daisy
data/Daisy/Daisy-Valid (261).jpeg,1,Daisy
data/Daisy/Daisy-Valid (207).jpeg,1,Daisy
data/Daisy/Daisy-Valid (306).jpeg,1,Daisy
data/Daisy/Daisy-Valid (243).jpeg,1,Daisy
data/Daisy/Daisy-Valid (87).jpeg,1,Daisy
data/Daisy/Daisy-Valid (319).jpeg,1,Daisy
data/Daisy/Daisy-Valid (141).jpeg,1,Daisy
data/Daisy/Daisy-Valid (451).jpeg,1,Daisy
data/Daisy/Daisy-Valid (345).jpeg,1,Daisy
data/Daisy/Daisy-Valid (65).jpeg,1,Daisy
data/Daisy/Daisy-Valid (82).jpeg,1,Daisy
data/Daisy/Daisy-Valid (45).jpeg,1,Daisy
data/Daisy/Daisy-Valid (104).jpeg,1,Daisy
data/Daisy/Daisy-Valid (411).jpeg,1,Daisy
data/Daisy/Daisy-Valid (325).jpeg,1,Daisy
data/Daisy/Daisy-Valid (473).jpeg,1,Daisy
data/Daisy/Daisy-Valid (140).jpeg,1,Daisy
data/Daisy/Daisy-Valid (19).jpeg,1,Daisy
data/Daisy/Daisy-Valid (64).jpeg,1,Daisy
data/Daisy/Daisy-Valid (431).jpeg,1,Daisy
data/Daisy/Daisy-Valid (240).jpeg,1,Daisy
data/Daisy/Daisy-Valid (142).jpeg,1,Daisy
data/Daisy/Daisy-Valid (158).jpeg,1,Daisy
data/Daisy/Daisy-Valid (145).jpeg,1,Daisy
data/Daisy/Daisy-Valid (408).jpeg,1,Daisy
data/Daisy/Daisy-Valid (83).jpeg,1,Daisy
data/Daisy/Daisy-Valid (469).jpeg,1,Daisy
data/Daisy/Daisy-Valid (144).jpeg,1,Daisy
data/Daisy/Daisy-Valid (266).jpeg,1,Daisy
data/Daisy/Daisy-Valid (118).jpeg,1,Daisy
data/Daisy/Daisy-Valid (453).jpeg,1,Daisy
data/Daisy/Daisy-Valid (365).jpeg,1,Daisy
data/Daisy/Daisy-Valid (488).jpeg,1,Daisy
data/Daisy/Daisy-Valid (474).jpeg,1,Daisy
data/Daisy/Daisy-Valid (320).jpeg,1,Daisy
data/Daisy/Daisy-Valid (20).jpeg,1,Daisy
data/Daisy/Daisy-Valid (299).jpeg,1,Daisy
data/Daisy/Daisy-Valid (66).jpeg,1,Daisy
data/Daisy/Daisy-Valid (121).jpeg,1,Daisy
data/Daisy/Daisy-Valid (24).jpeg,1,Daisy
data/Daisy/Daisy-Valid (496).jpeg,1,Daisy
data/Daisy/Daisy-Valid (434).jpeg,1,Daisy
data/Daisy/Daisy-Valid (341).jpeg,1,Daisy
data/Daisy/Daisy-Valid (363).jpeg,1,Daisy
data/Daisy/Daisy-Valid (361).jpeg,1,Daisy
data/Daisy/Daisy-Valid (143).jpeg,1,Daisy
data/Daisy/Daisy-Valid (38).jpeg,1,Daisy
data/Daisy/Daisy-Valid (181).jpeg,1,Daisy
data/Daisy/Daisy-Valid (284).jpeg,1,Daisy
data/Daisy/Daisy-Valid (491).jpeg,1,Daisy
data/Daisy/Daisy-Valid (430).jpeg,1,Daisy
data/Daisy/Daisy-Valid (224).jpeg,1,Daisy
data/Daisy/Daisy-Valid (263).jpeg,1,Daisy
data/Daisy/Daisy-Valid (477).jpeg,1,Daisy
data/Daisy/Daisy-Valid (432).jpeg,1,Daisy
data/Daisy/Daisy-Valid (120).jpeg,1,Daisy
data/Daisy/Daisy-Valid (162).jpeg,1,Daisy
data/Daisy/Daisy-Valid (245).jpeg,1,Daisy
data/Daisy/Daisy-Valid (360).jpeg,1,Daisy
data/Daisy/Daisy-Valid (200).jpeg,1,Daisy
data/Daisy/Daisy-Valid (385).jpeg,1,Daisy
data/Daisy/Daisy-Valid (265).jpeg,1,Daisy
data/Daisy/Daisy-Valid (410).jpeg,1,Daisy
data/Daisy/Daisy-Valid (383).jpeg,1,Daisy
data/Daisy/Daisy-Valid (101).jpeg,1,Daisy
data/Daisy/Daisy-Valid (494).jpeg,1,Daisy
data/Daisy/Daisy-Valid (409).jpeg,1,Daisy
data/Daisy/Daisy-Valid (339).jpeg,1,Daisy
data/Daisy/Daisy-Valid (298).jpeg,1,Daisy
data/Daisy/Daisy-Valid (387).jpeg,1,Daisy
data/Daisy/Daisy-Valid (160).jpeg,1,Daisy
data/Daisy/Daisy-Valid (159).jpeg,1,Daisy
data/Daisy/Daisy-Valid (362).jpeg,1,Daisy
data/Daisy/Daisy-Valid (201).jpeg,1,Daisy
data/Daisy/Daisy-Valid (167).jpeg,1,Daisy
data/Daisy/Daisy-Valid (398).jpeg,1,Daisy
data/Daisy/Daisy-Valid (103).jpeg,1,Daisy
data/Daisy/Daisy-Valid (206).jpeg,1,Daisy
data/Daisy/Daisy-Valid (127).jpeg,1,Daisy
data/Daisy/Daisy-Valid (205).jpeg,1,Daisy
data/Daisy/Daisy-Valid (344).jpeg,1,Daisy
data/Daisy/Daisy-Valid (456).jpeg,1,Daisy
data/Daisy/Daisy-Valid (46).jpeg,1,Daisy
data/Daisy/Daisy-Valid (59).jpeg,1,Daisy
data/Daisy/Daisy-Valid (287).jpeg,1,Daisy
data/Daisy/Daisy-Valid (98).jpeg,1,Daisy
data/Daisy/Daisy-Valid (279).jpeg,1,Daisy
data/Daisy/Daisy-Valid (61).jpeg,1,Daisy
data/Daisy/Daisy-Valid (125).jpeg,1,Daisy
data/Daisy/Daisy-Valid (384).jpeg,1,Daisy
data/Daisy/Daisy-Valid (489).jpeg,1,Daisy
data/Daisy/Daisy-Valid (107).jpeg,1,Daisy
data/Daisy/Daisy-Valid (42).jpeg,1,Daisy
data/Daisy/Daisy-Valid (223).jpeg,1,Daisy
data/Daisy/Daisy-Valid (8).jpeg,1,Daisy
data/Daisy/Daisy-Valid (178).jpeg,1,Daisy
data/Daisy/Daisy-Valid (186).jpeg,1,Daisy
data/Daisy/Daisy-Valid (267).jpeg,1,Daisy
data/Daisy/Daisy-Valid (41).jpeg,1,Daisy
data/Daisy/Daisy-Valid (378).jpeg,1,Daisy
data/Daisy/Daisy-Valid (67).jpeg,1,Daisy
data/Daisy/Daisy-Valid (100).jpeg,1,Daisy
data/Daisy/Daisy-Valid (322).jpeg,1,Daisy
data/Daisy/Daisy-Valid (324).jpeg,1,Daisy
data/Daisy/Daisy-Valid (283).jpeg,1,Daisy
data/Daisy/Daisy-Valid (198).jpeg,1,Daisy
data/Daisy/Daisy-Valid (359).jpeg,1,Daisy
data/Daisy/Daisy-Valid (304).jpeg,1,Daisy
data/Daisy/Daisy-Valid (413).jpeg,1,Daisy
data/Daisy/Daisy-Valid (399).jpeg,1,Daisy
data/Daisy/Daisy-Valid (437).jpeg,1,Daisy
data/Daisy/Daisy-Valid (105).jpeg,1,Daisy
data/Daisy/Daisy-Valid (264).jpeg,1,Daisy
data/Daisy/Daisy-Valid (222).jpeg,1,Daisy
data/Daisy/Daisy-Valid (278).jpeg,1,Daisy
data/Daisy/Daisy-Valid (448).jpeg,1,Daisy
data/Daisy/Daisy-Valid (85).jpeg,1,Daisy
data/Daisy/Daisy-Valid (21).jpeg,1,Daisy
data/Daisy/Daisy-Valid (497).jpeg,1,Daisy
data/Daisy/Daisy-Valid (219).jpeg,1,Daisy
data/Daisy/Daisy-Valid (358).jpeg,1,Daisy
data/Daisy/Daisy-Valid (78).jpeg,1,Daisy
data/Daisy/Daisy-Valid (318).jpeg,1,Daisy
data/Iris/Iris-Valid (233).jpeg,2,Iris
data/Iris/Iris-Valid (405).jpeg,2,Iris
data/Iris/Iris-Valid (66).jpeg,2,Iris
data/Iris/Iris-Valid (375).jpeg,2,Iris
data/Iris/Iris-Valid (335).jpeg,2,Iris
data/Iris/Iris-Valid (444).jpeg,2,Iris
data/Iris/Iris-Valid (276).jpeg,2,Iris
data/Iris/Iris-Valid (290).jpeg,2,Iris
data/Iris/Iris-Valid (352).jpeg,2,Iris
data/Iris/Iris-Valid (396).jpeg,2,Iris
data/Iris/Iris-Valid (136).jpeg,2,Iris
data/Iris/Iris-Valid (5).jpeg,2,Iris
data/Iris/Iris-Valid (274).jpeg,2,Iris
data/Iris/Iris-Valid (237).jpeg,2,Iris
data/Iris/Iris-Valid (460).jpeg,2,Iris
data/Iris/Iris-Valid (423).jpeg,2,Iris
data/Iris/Iris-Valid (22).jpeg,2,Iris
data/Iris/Iris-Valid (268).jpeg,2,Iris
data/Iris/Iris-Valid (465).jpeg,2,Iris
data/Iris/Iris-Valid (459).jpeg,2,Iris
data/Iris/Iris-Valid (152).jpeg,2,Iris
data/Iris/Iris-Valid (315).jpeg,2,Iris
data/Iris/Iris-Valid (216).jpeg,2,Iris
data/Iris/Iris-Valid (392).jpeg,2,Iris
data/Iris/Iris-Valid (215).jpeg,2,Iris
data/Iris/Iris-Valid (349).jpeg,2,Iris
data/Iris/Iris-Valid (272).jpeg,2,Iris
data/Iris/Iris-Valid (87).jpeg,2,Iris
data/Iris/Iris-Valid (389).jpeg,2,Iris
data/Iris/Iris-Valid (458).jpeg,2,Iris
data/Iris/Iris-Valid (483).jpeg,2,Iris
data/Iris/Iris-Valid (171).jpeg,2,Iris
data/Iris/Iris-Valid (270).jpeg,2,Iris
data/Iris/Iris-Valid (4).jpeg,2,Iris
data/Iris/Iris-Valid (348).jpeg,2,Iris
data/Iris/Iris-Valid (464).jpeg,2,Iris
data/Iris/Iris-Valid (170).jpeg,2,Iris
data/Iris/Iris-Valid (374).jpeg,2,Iris
data/Iris/Iris-Valid (317).jpeg,2,Iris
data/Iris/Iris-Valid (427).jpeg,2,Iris
data/Iris/Iris-Valid (62).jpeg,2,Iris
data/Iris/Iris-Valid (111).jpeg,2,Iris
data/Iris/Iris-Valid (336).jpeg,2,Iris
data/Iris/Iris-Valid (337).jpeg,2,Iris
data/Iris/Iris-Valid (20).jpeg,2,Iris
data/Iris/Iris-Valid (255).jpeg,2,Iris
data/Iris/Iris-Valid (169).jpeg,2,Iris
data/Iris/Iris-Valid (24).jpeg,2,Iris
data/Iris/Iris-Valid (114).jpeg,2,Iris
data/Iris/Iris-Valid (42).jpeg,2,Iris
data/Iris/Iris-Valid (157).jpeg,2,Iris
data/Iris/Iris-Valid (108).jpeg,2,Iris
data/Iris/Iris-Valid (65).jpeg,2,Iris
data/Iris/Iris-Valid (82).jpeg,2,Iris
data/Iris/Iris-Valid (110).jpeg,2,Iris
data/Iris/Iris-Valid (498).jpeg,2,Iris
data/Iris/Iris-Valid (391).jpeg,2,Iris
data/Iris/Iris-Valid (418).jpeg,2,Iris
data/Iris/Iris-Valid (228).jpeg,2,Iris
data/Iris/Iris-Valid (442).jpeg,2,Iris
data/Iris/Iris-Valid (41).jpeg,2,Iris
data/Iris/Iris-Valid (331).jpeg,2,Iris
data/Iris/Iris-Valid (26).jpeg,2,Iris
data/Iris/Iris-Valid (45).jpeg,2,Iris
data/Iris/Iris-Valid (252).jpeg,2,Iris
data/Iris/Iris-Valid (235).jpeg,2,Iris
data/Iris/Iris-Valid (210).jpeg,2,Iris
data/Iris/Iris-Valid (376).jpeg,2,Iris
data/Iris/Iris-Valid (329).jpeg,2,Iris
data/Iris/Iris-Valid (425).jpeg,2,Iris
data/Iris/Iris-Valid (78).jpeg,2,Iris
data/Iris/Iris-Valid (388).jpeg,2,Iris
data/Iris/Iris-Valid (117).jpeg,2,Iris
data/Iris/Iris-Valid (47).jpeg,2,Iris
data/Iris/Iris-Valid (231).jpeg,2,Iris
data/Iris/Iris-Valid (394).jpeg,2,Iris
data/Iris/Iris-Valid (421).jpeg,2,Iris
data/Iris/Iris-Valid (499).jpeg,2,Iris
data/Iris/Iris-Valid (172).jpeg,2,Iris
data/Iris/Iris-Valid (332).jpeg,2,Iris
data/Iris/Iris-Valid (151).jpeg,2,Iris
data/Iris/Iris-Valid (466).jpeg,2,Iris
data/Iris/Iris-Valid (439).jpeg,2,Iris
data/Iris/Iris-Valid (295).jpeg,2,Iris
data/Iris/Iris-Valid (177).jpeg,2,Iris
data/Iris/Iris-Valid (193).jpeg,2,Iris
data/Iris/Iris-Valid (236).jpeg,2,Iris
data/Iris/Iris-Valid (479).jpeg,2,Iris
data/Iris/Iris-Valid (480).jpeg,2,Iris
data/Iris/Iris-Valid (328).jpeg,2,Iris
data/Iris/Iris-Valid (441).jpeg,2,Iris
data/Iris/Iris-Valid (153).jpeg,2,Iris
data/Iris/Iris-Valid (191).jpeg,2,Iris
data/Iris/Iris-Valid (404).jpeg,2,Iris
data/Iris/Iris-Valid (208).jpeg,2,Iris
data/Iris/Iris-Valid (23).jpeg,2,Iris
data/Iris/Iris-Valid (482).jpeg,2,Iris
data/Iris/Iris-Valid (58).jpeg,2,Iris
data/Iris/Iris-Valid (426).jpeg,2,Iris
data/Iris/Iris-Valid (3).jpeg,2,Iris
data/Iris/Iris-Valid (393).jpeg,2,Iris
data/Iris/Iris-Valid (254).jpeg,2,Iris
data/Iris/Iris-Valid (130).jpeg,2,Iris
data/Iris/Iris-Valid (80).jpeg,2,Iris
data/Iris/Iris-Valid (168).jpeg,2,Iris
data/Iris/Iris-Valid (269).jpeg,2,Iris
data/Iris/Iris-Valid (297).jpeg,2,Iris
data/Iris/Iris-Valid (39).jpeg,2,Iris
data/Iris/Iris-Valid (484).jpeg,2,Iris
data/Iris/Iris-Valid (234).jpeg,2,Iris
data/Iris/Iris-Valid (462).jpeg,2,Iris
data/Iris/Iris-Valid (81).jpeg,2,Iris
data/Iris/Iris-Valid (6).jpeg,2,Iris
data/Iris/Iris-Valid (43).jpeg,2,Iris
data/Iris/Iris-Valid (212).jpeg,2,Iris
data/Iris/Iris-Valid (7).jpeg,2,Iris
data/Iris/Iris-Valid (438).jpeg,2,Iris
data/Iris/Iris-Valid (250).jpeg,2,Iris
data/Iris/Iris-Valid (40).jpeg,2,Iris
data/Iris/Iris-Valid (98).jpeg,2,Iris
data/Iris/Iris-Valid (370).jpeg,2,Iris
data/Iris/Iris-Valid (333).jpeg,2,Iris
data/Iris/Iris-Valid (372).jpeg,2,Iris
data/Iris/Iris-Valid (294).jpeg,2,Iris
data/Iris/Iris-Valid (351).jpeg,2,Iris
data/Iris/Iris-Valid (406).jpeg,2,Iris
data/Iris/Iris-Valid (377).jpeg,2,Iris
data/Iris/Iris-Valid (271).jpeg,2,Iris
data/Iris/Iris-Valid (196).jpeg,2,Iris
data/Iris/Iris-Valid (256).jpeg,2,Iris
data/Iris/Iris-Valid (135).jpeg,2,Iris
data/Iris/Iris-Valid (67).jpeg,2,Iris
data/Iris/Iris-Valid (112).jpeg,2,Iris
data/Iris/Iris-Valid (443).jpeg,2,Iris
data/Iris/Iris-Valid (194).jpeg,2,Iris
data/Iris/Iris-Valid (137).jpeg,2,Iris
data/Iris/Iris-Valid (292).jpeg,2,Iris
data/Iris/Iris-Valid (27).jpeg,2,Iris
data/Iris/Iris-Valid (154).jpeg,2,Iris
data/Iris/Iris-Valid (403).jpeg,2,Iris
data/Iris/Iris-Valid (209).jpeg,2,Iris
data/Iris/Iris-Valid (500).jpeg,2,Iris
data/Iris/Iris-Valid (401).jpeg,2,Iris
data/Iris/Iris-Valid (156).jpeg,2,Iris
data/Iris/Iris-Valid (486).jpeg,2,Iris
data/Iris/Iris-Valid (289).jpeg,2,Iris
data/Iris/Iris-Valid (390).jpeg,2,Iris
data/Iris/Iris-Valid (353).jpeg,2,Iris
data/Iris/Iris-Valid (313).jpeg,2,Iris
data/Iris/Iris-Valid (155).jpeg,2,Iris
data/Iris/Iris-Valid (350).jpeg,2,Iris
data/Iris/Iris-Valid (420).jpeg,2,Iris
data/Iris/Iris-Valid (293).jpeg,2,Iris
data/Iris/Iris-Valid (188).jpeg,2,Iris
data/Iris/Iris-Valid (134).jpeg,2,Iris
data/Iris/Iris-Valid (273).jpeg,2,Iris
data/Iris/Iris-Valid (197).jpeg,2,Iris
data/Iris/Iris-Valid (109).jpeg,2,Iris
data/Iris/Iris-Valid (481).jpeg,2,Iris
data/Iris/Iris-Valid (192).jpeg,2,Iris
data/Lavender/Lavender-Valid (186).jpeg,3,Lavender
data/Lavender/Lavender-Valid (239).jpeg,3,Lavender
data/Lavender/Lavender-Valid (146).jpeg,3,Lavender
data/Lavender/Lavender-Valid (141).jpeg,3,Lavender
data/Lavender/Lavender-Valid (72).jpeg,3,Lavender
data/Lavender/Lavender-Valid (51).jpeg,3,Lavender
data/Lavender/Lavender-Valid (341).jpeg,3,Lavender
data/Lavender/Lavender-Valid (306).jpeg,3,Lavender
data/Lavender/Lavender-Valid (74).jpeg,3,Lavender
data/Lavender/Lavender-Valid (70).jpeg,3,Lavender
data/Lavender/Lavender-Valid (243).jpeg,3,Lavender
data/Lavender/Lavender-Valid (17).jpeg,3,Lavender
data/Lavender/Lavender-Valid (4).jpeg,3,Lavender
data/Lavender/Lavender-Valid (411).jpeg,3,Lavender
data/Lavender/Lavender-Valid (304).jpeg,3,Lavender
data/Lavender/Lavender-Valid (224).jpeg,3,Lavender
data/Lavender/Lavender-Valid (265).jpeg,3,Lavender
data/Lavender/Lavender-Valid (165).jpeg,3,Lavender
data/Lavender/Lavender-Valid (198).jpeg,3,Lavender
data/Lavender/Lavender-Valid (473).jpeg,3,Lavender
data/Lavender/Lavender-Valid (166).jpeg,3,Lavender
data/Lavender/Lavender-Valid (263).jpeg,3,Lavender
data/Lavender/Lavender-Valid (29).jpeg,3,Lavender
data/Lavender/Lavender-Valid (413).jpeg,3,Lavender
data/Lavender/Lavender-Valid (200).jpeg,3,Lavender
data/Lavender/Lavender-Valid (326).jpeg,3,Lavender
data/Lavender/Lavender-Valid (495).jpeg,3,Lavender
data/Lavender/Lavender-Valid (222).jpeg,3,Lavender
data/Lavender/Lavender-Valid (344).jpeg,3,Lavender
data/Lavender/Lavender-Valid (362).jpeg,3,Lavender
data/Lavender/Lavender-Valid (245).jpeg,3,Lavender
data/Lavender/Lavender-Valid (206).jpeg,3,Lavender
data/Lavender/Lavender-Valid (76).jpeg,3,Lavender
data/Lavender/Lavender-Valid (241).jpeg,3,Lavender
data/Lavender/Lavender-Valid (123).jpeg,3,Lavender
data/Lavender/Lavender-Valid (158).jpeg,3,Lavender
data/Lavender/Lavender-Valid (207).jpeg,3,Lavender
data/Lavender/Lavender-Valid (37).jpeg,3,Lavender
data/Lavender/Lavender-Valid (259).jpeg,3,Lavender
data/Lavender/Lavender-Valid (105).jpeg,3,Lavender
data/Lavender/Lavender-Valid (139).jpeg,3,Lavender
data/Lavender/Lavender-Valid (184).jpeg,3,Lavender
data/Lavender/Lavender-Valid (223).jpeg,3,Lavender
data/Lavender/Lavender-Valid (494).jpeg,3,Lavender
data/Lavender/Lavender-Valid (320).jpeg,3,Lavender
data/Lavender/Lavender-Valid (31).jpeg,3,Lavender
data/Lavender/Lavender-Valid (226).jpeg,3,Lavender
data/Lavender/Lavender-Valid (143).jpeg,3,Lavender
data/Lavender/Lavender-Valid (238).jpeg,3,Lavender
data/Lavender/Lavender-Valid (339).jpeg,3,Lavender
data/Lavender/Lavender-Valid (414).jpeg,3,Lavender
data/Lavender/Lavender-Valid (319).jpeg,3,Lavender
data/Lavender/Lavender-Valid (384).jpeg,3,Lavender
data/Lavender/Lavender-Valid (386).jpeg,3,Lavender
data/Lavender/Lavender-Valid (432).jpeg,3,Lavender
data/Lavender/Lavender-Valid (474).jpeg,3,Lavender
data/Lavender/Lavender-Valid (280).jpeg,3,Lavender
data/Lavender/Lavender-Valid (472).jpeg,3,Lavender
data/Lavender/Lavender-Valid (345).jpeg,3,Lavender
data/Lavender/Lavender-Valid (107).jpeg,3,Lavender
data/Lavender/Lavender-Valid (322).jpeg,3,Lavender
data/Lavender/Lavender-Valid (127).jpeg,3,Lavender
data/Lavender/Lavender-Valid (49).jpeg,3,Lavender
data/Lavender/Lavender-Valid (383).jpeg,3,Lavender
data/Lavender/Lavender-Valid (457).jpeg,3,Lavender
data/Lavender/Lavender-Valid (343).jpeg,3,Lavender
data/Lavender/Lavender-Valid (412).jpeg,3,Lavender
data/Lavender/Lavender-Valid (496).jpeg,3,Lavender
data/Lavender/Lavender-Valid (181).jpeg,3,Lavender
data/Lavender/Lavender-Valid (53).jpeg,3,Lavender
data/Lavender/Lavender-Valid (365).jpeg,3,Lavender
data/Lavender/Lavender-Valid (346).jpeg,3,Lavender
data/Lavender/Lavender-Valid (435).jpeg,3,Lavender
data/Lavender/Lavender-Valid (261).jpeg,3,Lavender
data/Lavender/Lavender-Valid (142).jpeg,3,Lavender
data/Lavender/Lavender-Valid (267).jpeg,3,Lavender
data/Lavender/Lavender-Valid (367).jpeg,3,Lavender
data/Lavender/Lavender-Valid (180).jpeg,3,Lavender
data/Lavender/Lavender-Valid (385).jpeg,3,Lavender
data/Lavender/Lavender-Valid (121).jpeg,3,Lavender
data/Lavender/Lavender-Valid (89).jpeg,3,Lavender
data/Lavender/Lavender-Valid (50).jpeg,3,Lavender
data/Lavender/Lavender-Valid (75).jpeg,3,Lavender
data/Lavender/Lavender-Valid (324).jpeg,3,Lavender
data/Lavender/Lavender-Valid (16).jpeg,3,Lavender
data/Lavender/Lavender-Valid (6).jpeg,3,Lavender
data/Lavender/Lavender-Valid (182).jpeg,3,Lavender
data/Lavender/Lavender-Valid (13).jpeg,3,Lavender
data/Lavender/Lavender-Valid (409).jpeg,3,Lavender
data/Lavender/Lavender-Valid (167).jpeg,3,Lavender
data/Lavender/Lavender-Valid (491).jpeg,3,Lavender
data/Lavender/Lavender-Valid (360).jpeg,3,Lavender
data/Lavender/Lavender-Valid (398).jpeg,3,Lavender
data/Lavender/Lavender-Valid (347).jpeg,3,Lavender
data/Lavender/Lavender-Valid (469).jpeg,3,Lavender
data/Lavender/Lavender-Valid (3).jpeg,3,Lavender
data/Lavender/Lavender-Valid (101).jpeg,3,Lavender
data/Lavender/Lavender-Valid (430).jpeg,3,Lavender
data/Lavender/Lavender-Valid (455).jpeg,3,Lavender
data/Lavender/Lavender-Valid (33).jpeg,3,Lavender
data/Lavender/Lavender-Valid (199).jpeg,3,Lavender
data/Lavender/Lavender-Valid (471).jpeg,3,Lavender
data/Lavender/Lavender-Valid (30).jpeg,3,Lavender
data/Lavender/Lavender-Valid (48).jpeg,3,Lavender
data/Lavender/Lavender-Valid (118).jpeg,3,Lavender
data/Lavender/Lavender-Valid (278).jpeg,3,Lavender
data/Lavender/Lavender-Valid (381).jpeg,3,Lavender
data/Lavender/Lavender-Valid (266).jpeg,3,Lavender
data/Lavender/Lavender-Valid (2).jpeg,3,Lavender
data/Lavender/Lavender-Valid (221).jpeg,3,Lavender
data/Lavender/Lavender-Valid (15).jpeg,3,Lavender
data/Lavender/Lavender-Valid (88).jpeg,3,Lavender
data/Lavender/Lavender-Valid (258).jpeg,3,Lavender
data/Lavender/Lavender-Valid (325).jpeg,3,Lavender
data/Lavender/Lavender-Valid (93).jpeg,3,Lavender
data/Lavender/Lavender-Valid (94).jpeg,3,Lavender
data/Lavender/Lavender-Valid (179).jpeg,3,Lavender
data/Lavender/Lavender-Valid (387).jpeg,3,Lavender
data/Lavender/Lavender-Valid (437).jpeg,3,Lavender
data/Lavender/Lavender-Valid (451).jpeg,3,Lavender
data/Lavender/Lavender-Valid (162).jpeg,3,Lavender
data/Lavender/Lavender-Valid (318).jpeg,3,Lavender
data/Lavender/Lavender-Valid (431).jpeg,3,Lavender
data/Lavender/Lavender-Valid (379).jpeg,3,Lavender
data/Lavender/Lavender-Valid (448).jpeg,3,Lavender
data/Lavender/Lavender-Valid (55).jpeg,3,Lavender
data/Lavender/Lavender-Valid (159).jpeg,3,Lavender
data/Lavender/Lavender-Valid (434).jpeg,3,Lavender
data/Lavender/Lavender-Valid (488).jpeg,3,Lavender
data/Lavender/Lavender-Valid (120).jpeg,3,Lavender
data/Lavender/Lavender-Valid (358).jpeg,3,Lavender
data/Lavender/Lavender-Valid (69).jpeg,3,Lavender
data/Lavender/Lavender-Valid (103).jpeg,3,Lavender
data/Lavender/Lavender-Valid (302).jpeg,3,Lavender
data/Lavender/Lavender-Valid (378).jpeg,3,Lavender
data/Lavender/Lavender-Valid (468).jpeg,3,Lavender
data/Lavender/Lavender-Valid (202).jpeg,3,Lavender
data/Lavender/Lavender-Valid (493).jpeg,3,Lavender
data/Lavender/Lavender-Valid (408).jpeg,3,Lavender
data/Lavender/Lavender-Valid (32).jpeg,3,Lavender
data/Lavender/Lavender-Valid (1).jpeg,3,Lavender
data/Lavender/Lavender-Valid (299).jpeg,3,Lavender
data/Lavender/Lavender-Valid (281).jpeg,3,Lavender
data/Lavender/Lavender-Valid (282).jpeg,3,Lavender
data/Lavender/Lavender-Valid (205).jpeg,3,Lavender
data/Lavender/Lavender-Valid (298).jpeg,3,Lavender
data/Lavender/Lavender-Valid (242).jpeg,3,Lavender
data/Lavender/Lavender-Valid (96).jpeg,3,Lavender
data/Lavender/Lavender-Valid (264).jpeg,3,Lavender
data/Lavender/Lavender-Valid (106).jpeg,3,Lavender
data/Lavender/Lavender-Valid (35).jpeg,3,Lavender
data/Lavender/Lavender-Valid (361).jpeg,3,Lavender
data/Lavender/Lavender-Valid (14).jpeg,3,Lavender
data/Lavender/Lavender-Valid (470).jpeg,3,Lavender
data/Lavender/Lavender-Valid (303).jpeg,3,Lavender
data/Lavender/Lavender-Valid (244).jpeg,3,Lavender
data/Lavender/Lavender-Valid (183).jpeg,3,Lavender
data/Lavender/Lavender-Valid (363).jpeg,3,Lavender
data/Lavender/Lavender-Valid (497).jpeg,3,Lavender
data/Lavender/Lavender-Valid (56).jpeg,3,Lavender
data/Lily/Lily-Valid (140).jpeg,4,Lily
data/Lily/Lily-Valid (205).jpeg,4,Lily
data/Lily/Lily-Valid (223).jpeg,4,Lily
data/Lily/Lily-Valid (162).jpeg,4,Lily
data/Lily/Lily-Valid (147).jpeg,4,Lily
data/Lily/Lily-Valid (125).jpeg,4,Lily
data/Lily/Lily-Valid (432).jpeg,4,Lily
data/Lily/Lily-Valid (52).jpeg,4,Lily
data/Lily/Lily-Valid (11).jpeg,4,Lily
data/Lily/Lily-Valid (119).jpeg,4,Lily
data/Lily/Lily-Valid (200).jpeg,4,Lily
data/Lily/Lily-Valid (470).jpeg,4,Lily
data/Lily/Lily-Valid (92).jpeg,4,Lily
data/Lily/Lily-Valid (489).jpeg,4,Lily
data/Lily/Lily-Valid (33).jpeg,4,Lily
data/Lily/Lily-Valid (145).jpeg,4,Lily
data/Lily/Lily-Valid (13).jpeg,4,Lily
data/Lily/Lily-Valid (488).jpeg,4,Lily
data/Lily/Lily-Valid (279).jpeg,4,Lily
data/Lily/Lily-Valid (183).jpeg,4,Lily
data/Lily/Lily-Valid (365).jpeg,4,Lily
data/Lily/Lily-Valid (409).jpeg,4,Lily
data/Lily/Lily-Valid (282).jpeg,4,Lily
data/Lily/Lily-Valid (102).jpeg,4,Lily
data/Lily/Lily-Valid (399).jpeg,4,Lily
data/Lily/Lily-Valid (263).jpeg,4,Lily
data/Lily/Lily-Valid (244).jpeg,4,Lily
data/Lily/Lily-Valid (339).jpeg,4,Lily
data/Lily/Lily-Valid (477).jpeg,4,Lily
data/Lily/Lily-Valid (76).jpeg,4,Lily
data/Lily/Lily-Valid (284).jpeg,4,Lily
data/Lily/Lily-Valid (207).jpeg,4,Lily
data/Lily/Lily-Valid (88).jpeg,4,Lily
data/Lily/Lily-Valid (75).jpeg,4,Lily
data/Lily/Lily-Valid (260).jpeg,4,Lily
data/Lily/Lily-Valid (434).jpeg,4,Lily
data/Lily/Lily-Valid (323).jpeg,4,Lily
data/Lily/Lily-Valid (17).jpeg,4,Lily
data/Lily/Lily-Valid (433).jpeg,4,Lily
data/Lily/Lily-Valid (167).jpeg,4,Lily
data/Lily/Lily-Valid (30).jpeg,4,Lily
data/Lily/Lily-Valid (238).jpeg,4,Lily
data/Lily/Lily-Valid (278).jpeg,4,Lily
data/Lily/Lily-Valid (321).jpeg,4,Lily
data/Lily/Lily-Valid (56).jpeg,4,Lily
data/Lily/Lily-Valid (359).jpeg,4,Lily
data/Lily/Lily-Valid (94).jpeg,4,Lily
data/Lily/Lily-Valid (492).jpeg,4,Lily
data/Lily/Lily-Valid (28).jpeg,4,Lily
data/Lily/Lily-Valid (451).jpeg,4,Lily
data/Lily/Lily-Valid (494).jpeg,4,Lily
data/Lily/Lily-Valid (118).jpeg,4,Lily
data/Lily/Lily-Valid (143).jpeg,4,Lily
data/Lily/Lily-Valid (122).jpeg,4,Lily
data/Lily/Lily-Valid (448).jpeg,4,Lily
data/Lily/Lily-Valid (9).jpeg,4,Lily
data/Lily/Lily-Valid (37).jpeg,4,Lily
data/Lily/Lily-Valid (342).jpeg,4,Lily
data/Lily/Lily-Valid (429).jpeg,4,Lily
data/Lily/Lily-Valid (428).jpeg,4,Lily
data/Lily/Lily-Valid (469).jpeg,4,Lily
data/Lily/Lily-Valid (367).jpeg,4,Lily
data/Lily/Lily-Valid (415).jpeg,4,Lily
data/Lily/Lily-Valid (50).jpeg,4,Lily
data/Lily/Lily-Valid (226).jpeg,4,Lily
data/Lily/Lily-Valid (219).jpeg,4,Lily
data/Lily/Lily-Valid (90).jpeg,4,Lily
data/Lily/Lily-Valid (73).jpeg,4,Lily
data/Lily/Lily-Valid (53).jpeg,4,Lily
data/Lily/Lily-Valid (51).jpeg,4,Lily
data/Lily/Lily-Valid (318).jpeg,4,Lily
data/Lily/Lily-Valid (91).jpeg,4,Lily
data/Lily/Lily-Valid (266).jpeg,4,Lily
data/Lily/Lily-Valid (456).jpeg,4,Lily
data/Lily/Lily-Valid (320).jpeg,4,Lily
data/Lily/Lily-Valid (307).jpeg,4,Lily
data/Lily/Lily-Valid (105).jpeg,4,Lily
data/Lily/Lily-Valid (343).jpeg,4,Lily
data/Lily/Lily-Valid (437).jpeg,4,Lily
data/Lily/Lily-Valid (126).jpeg,4,Lily
data/Lily/Lily-Valid (245).jpeg,4,Lily
data/Lily/Lily-Valid (383).jpeg,4,Lily
data/Lily/Lily-Valid (178).jpeg,4,Lily
data/Lily/Lily-Valid (435).jpeg,4,Lily
data/Lily/Lily-Valid (262).jpeg,4,Lily
data/Lily/Lily-Valid (430).jpeg,4,Lily
data/Lily/Lily-Valid (285).jpeg,4,Lily
data/Lily/Lily-Valid (360).jpeg,4,Lily
data/Lily/Lily-Valid (286).jpeg,4,Lily
data/Lily/Lily-Valid (120).jpeg,4,Lily
data/Lily/Lily-Valid (160).jpeg,4,Lily
data/Lily/Lily-Valid (414).jpeg,4,Lily
data/Lily/Lily-Valid (31).jpeg,4,Lily
data/Lily/Lily-Valid (261).jpeg,4,Lily
data/Lily/Lily-Valid (158).jpeg,4,Lily
data/Lily/Lily-Valid (77).jpeg,4,Lily
data/Lily/Lily-Valid (411).jpeg,4,Lily
data/Lily/Lily-Valid (453).jpeg,4,Lily
data/Lily/Lily-Valid (8).jpeg,4,Lily
data/Lily/Lily-Valid (202).jpeg,4,Lily
data/Lily/Lily-Valid (327).jpeg,4,Lily
data/Lily/Lily-Valid (340).jpeg,4,Lily
data/Lily/Lily-Valid (474).jpeg,4,Lily
data/Lily/Lily-Valid (89).jpeg,4,Lily
data/Lily/Lily-Valid (384).jpeg,4,Lily
data/Lily/Lily-Valid (362).jpeg,4,Lily
data/Lily/Lily-Valid (449).jpeg,4,Lily
data/Lily/Lily-Valid (416).jpeg,4,Lily
data/Lily/Lily-Valid (227).jpeg,4,Lily
data/Lily/Lily-Valid (301).jpeg,4,Lily
data/Lily/Lily-Valid (322).jpeg,4,Lily
data/Lily/Lily-Valid (450).jpeg,4,Lily
data/Lily/Lily-Valid (201).jpeg,4,Lily
data/Lily/Lily-Valid (106).jpeg,4,Lily
data/Lily/Lily-Valid (184).jpeg,4,Lily
data/Lily/Lily-Valid (69).jpeg,4,Lily
data/Lily/Lily-Valid (29).jpeg,4,Lily
data/Lily/Lily-Valid (100).jpeg,4,Lily
data/Lily/Lily-Valid (493).jpeg,4,Lily
data/Lily/Lily-Valid (475).jpeg,4,Lily
data/Lily/Lily-Valid (413).jpeg,4,Lily
data/Lily/Lily-Valid (32).jpeg,4,Lily
data/Lily/Lily-Valid (472).jpeg,4,Lily
data/Lily/Lily-Valid (398).jpeg,4,Lily
data/Lily/Lily-Valid (346).jpeg,4,Lily
data/Lily/Lily-Valid (325).jpeg,4,Lily
data/Lily/Lily-Valid (48).jpeg,4,Lily
data/Lily/Lily-Valid (259).jpeg,4,Lily
data/Lily/Lily-Valid (163).jpeg,4,Lily
data/Lily/Lily-Valid (103).jpeg,4,Lily
data/Lily/Lily-Valid (319).jpeg,4,Lily
data/Lily/Lily-Valid (35).jpeg,4,Lily
data/Lily/Lily-Valid (70).jpeg,4,Lily
data/Lily/Lily-Valid (247).jpeg,4,Lily
data/Lily/Lily-Valid (306).jpeg,4,Lily
data/Lily/Lily-Valid (127).jpeg,4,Lily
data/Lily/Lily-Valid (165).jpeg,4,Lily
data/Lily/Lily-Valid (14).jpeg,4,Lily
data/Lily/Lily-Valid (381).jpeg,4,Lily
data/Lily/Lily-Valid (303).jpeg,4,Lily
data/Lily/Lily-Valid (179).jpeg,4,Lily
data/Lily/Lily-Valid (417).jpeg,4,Lily
data/Lily/Lily-Valid (72).jpeg,4,Lily
data/Lily/Lily-Valid (96).jpeg,4,Lily
data/Lily/Lily-Valid (139).jpeg,4,Lily
data/Lily/Lily-Valid (101).jpeg,4,Lily
data/Lily/Lily-Valid (16).jpeg,4,Lily
data/Lily/Lily-Valid (54).jpeg,4,Lily
data/Lily/Lily-Valid (225).jpeg,4,Lily
data/Lily/Lily-Valid (161).jpeg,4,Lily
data/Lily/Lily-Valid (299).jpeg,4,Lily
data/Lily/Lily-Valid (324).jpeg,4,Lily
data/Lily/Lily-Valid (408).jpeg,4,Lily
data/Lily/Lily-Valid (15).jpeg,4,Lily
data/Lily/Lily-Valid (146).jpeg,4,Lily
data/Lily/Lily-Valid (204).jpeg,4,Lily
data/Lily/Lily-Valid (380).jpeg,4,Lily
data/Lily/Lily-Valid (386).jpeg,4,Lily
data/Lily/Lily-Valid (366).jpeg,4,Lily
data/Lily/Lily-Valid (431).jpeg,4,Lily
data/Marigold/Marigold-Valid (15).jpeg,5,Marigold
data/Marigold/Marigold-Valid (180).jpeg,5,Marigold
data/Marigold/Marigold-Valid (431).jpeg,5,Marigold
data/Marigold/Marigold-Valid (16).jpeg,5,Marigold
data/Marigold/Marigold-Valid (415).jpeg,5,Marigold
data/Marigold/Marigold-Valid (181).jpeg,5,Marigold
data/Marigold/Marigold-Valid (323).jpeg,5,Marigold
data/Marigold/Marigold-Valid (238).jpeg,5,Marigold
data/Marigold/Marigold-Valid (379).jpeg,5,Marigold
data/Marigold/Marigold-Valid (120).jpeg,5,Marigold
data/Marigold/Marigold-Valid (94).jpeg,5,Marigold
data/Marigold/Marigold-Valid (4).jpeg,5,Marigold
data/Marigold/Marigold-Valid (72).jpeg,5,Marigold
data/Marigold/Marigold-Valid (201).jpeg,5,Marigold
data/Marigold/Marigold-Valid (437).jpeg,5,Marigold
data/Marigold/Marigold-Valid (145).jpeg,5,Marigold
data/Marigold/Marigold-Valid (69).jpeg,5,Marigold
data/Marigold/Marigold-Valid (34).jpeg,5,Marigold
data/Marigold/Marigold-Valid (6).jpeg,5,Marigold
data/Marigold/Marigold-Valid (307).jpeg,5,Marigold
data/Marigold/Marigold-Valid (91).jpeg,5,Marigold
data/Marigold/Marigold-Valid (385).jpeg,5,Marigold
data/Marigold/Marigold-Valid (36).jpeg,5,Marigold
data/Marigold/Marigold-Valid (410).jpeg,5,Marigold
data/Marigold/Marigold-Valid (205).jpeg,5,Marigold
data/Marigold/Marigold-Valid (262).jpeg,5,Marigold
data/Marigold/Marigold-Valid (161).jpeg,5,Marigold
data/Marigold/Marigold-Valid (29).jpeg,5,Marigold
data/Marigold/Marigold-Valid (457).jpeg,5,Marigold
data/Marigold/Marigold-Valid (222).jpeg,5,Marigold
data/Marigold/Marigold-Valid (37).jpeg,5,Marigold
data/Marigold/Marigold-Valid (346).jpeg,5,Marigold
data/Marigold/Marigold-Valid (489).jpeg,5,Marigold
data/Marigold/Marigold-Valid (283).jpeg,5,Marigold
data/Marigold/Marigold-Valid (141).jpeg,5,Marigold
data/Marigold/Marigold-Valid (165).jpeg,5,Marigold
data/Marigold/Marigold-Valid (163).jpeg,5,Marigold
data/Marigold/Marigold-Valid (412).jpeg,5,Marigold
data/Marigold/Marigold-Valid (12).jpeg,5,Marigold
data/Marigold/Marigold-Valid (472).jpeg,5,Marigold
data/Marigold/Marigold-Valid (279).jpeg,5,Marigold
data/Marigold/Marigold-Valid (35).jpeg,5,Marigold
data/Marigold/Marigold-Valid (260).jpeg,5,Marigold
data/Marigold/Marigold-Valid (106).jpeg,5,Marigold
data/Marigold/Marigold-Valid (436).jpeg,5,Marigold
data/Marigold/Marigold-Valid (207).jpeg,5,Marigold
data/Marigold/Marigold-Valid (13).jpeg,5,Marigold
data/Marigold/Marigold-Valid (221).jpeg,5,Marigold
data/Marigold/Marigold-Valid (77).jpeg,5,Marigold
data/Marigold/Marigold-Valid (267).jpeg,5,Marigold
data/Marigold/Marigold-Valid (378).jpeg,5,Marigold
data/Marigold/Marigold-Valid (435).jpeg,5,Marigold
data/Marigold/Marigold-Valid (382).jpeg,5,Marigold
data/Marigold/Marigold-Valid (266).jpeg,5,Marigold
data/Marigold/Marigold-Valid (204).jpeg,5,Marigold
data/Marigold/Marigold-Valid (360).jpeg,5,Marigold
data/Marigold/Marigold-Valid (68).jpeg,5,Marigold
data/Marigold/Marigold-Valid (399).jpeg,5,Marigold
data/Marigold/Marigold-Valid (347).jpeg,5,Marigold
data/Marigold/Marigold-Valid (126).jpeg,5,Marigold
data/Marigold/Marigold-Valid (408).jpeg,5,Marigold
data/Marigold/Marigold-Valid (138).jpeg,5,Marigold
data/Marigold/Marigold-Valid (259).jpeg,5,Marigold
data/Marigold/Marigold-Valid (321).jpeg,5,Marigold
data/Marigold/Marigold-Valid (178).jpeg,5,Marigold
data/Marigold/Marigold-Valid (239).jpeg,5,Marigold
data/Marigold/Marigold-Valid (470).jpeg,5,Marigold
data/Marigold/Marigold-Valid (416).jpeg,5,Marigold
data/Marigold/Marigold-Valid (88).jpeg,5,Marigold
data/Marigold/Marigold-Valid (361).jpeg,5,Marigold
data/Marigold/Marigold-Valid (324).jpeg,5,Marigold
data/Marigold/Marigold-Valid (102).jpeg,5,Marigold
data/Marigold/Marigold-Valid (327).jpeg,5,Marigold
data/Marigold/Marigold-Valid (198).jpeg,5,Marigold
data/Marigold/Marigold-Valid (345).jpeg,5,Marigold
data/Marigold/Marigold-Valid (119).jpeg,5,Marigold
data/Marigold/Marigold-Valid (164).jpeg,5,Marigold
data/Marigold/Marigold-Valid (185).jpeg,5,Marigold
data/Marigold/Marigold-Valid (70).jpeg,5,Marigold
data/Marigold/Marigold-Valid (318).jpeg,5,Marigold
data/Marigold/Marigold-Valid (386).jpeg,5,Marigold
data/Marigold/Marigold-Valid (453).jpeg,5,Marigold
data/Marigold/Marigold-Valid (97).jpeg,5,Marigold
data/Marigold/Marigold-Valid (325).jpeg,5,Marigold
data/Marigold/Marigold-Valid (75).jpeg,5,Marigold
data/Marigold/Marigold-Valid (242).jpeg,5,Marigold
data/Marigold/Marigold-Valid (55).jpeg,5,Marigold
data/Marigold/Marigold-Valid (158).jpeg,5,Marigold
data/Marigold/Marigold-Valid (428).jpeg,5,Marigold
data/Marigold/Marigold-Valid (166).jpeg,5,Marigold
data/Marigold/Marigold-Valid (417).jpeg,5,Marigold
data/Marigold/Marigold-Valid (100).jpeg,5,Marigold
data/Marigold/Marigold-Valid (167).jpeg,5,Marigold
data/Marigold/Marigold-Valid (71).jpeg,5,Marigold
data/Marigold/Marigold-Valid (223).jpeg,5,Marigold
data/Marigold/Marigold-Valid (342).jpeg,5,Marigold
data/Marigold/Marigold-Valid (492).jpeg,5,Marigold
data/Marigold/Marigold-Valid (95).jpeg,5,Marigold
data/Marigold/Marigold-Valid (241).jpeg,5,Marigold
data/Marigold/Marigold-Valid (258).jpeg,5,Marigold
data/Marigold/Marigold-Valid (338).jpeg,5,Marigold
data/Marigold/Marigold-Valid (7).jpeg,5,Marigold
data/Marigold/Marigold-Valid (1).jpeg,5,Marigold
data/Marigold/Marigold-Valid (452).jpeg,5,Marigold
data/Marigold/Marigold-Valid (326).jpeg,5,Marigold
data/Marigold/Marigold-Valid (203).jpeg,5,Marigold
data/Marigold/Marigold-Valid (455).jpeg,5,Marigold
data/Marigold/Marigold-Valid (495).jpeg,5,Marigold
data/Marigold/Marigold-Valid (362).jpeg,5,Marigold
data/Marigold/Marigold-Valid (343).jpeg,5,Marigold
data/Marigold/Marigold-Valid (387).jpeg,5,Marigold
data/Marigold/Marigold-Valid (473).jpeg,5,Marigold
data/Marigold/Marigold-Valid (302).jpeg,5,Marigold
data/Marigold/Marigold-Valid (124).jpeg,5,Marigold
data/Marigold/Marigold-Valid (5).jpeg,5,Marigold
data/Marigold/Marigold-Valid (90).jpeg,5,Marigold
data/Marigold/Marigold-Valid (32).jpeg,5,Marigold
data/Marigold/Marigold-Valid (344).jpeg,5,Marigold
data/Marigold/Marigold-Valid (54).jpeg,5,Marigold
data/Marigold/Marigold-Valid (225).jpeg,5,Marigold
data/Marigold/Marigold-Valid (301).jpeg,5,Marigold
data/Marigold/Marigold-Valid (298).jpeg,5,Marigold
data/Marigold/Marigold-Valid (281).jpeg,5,Marigold
data/Marigold/Marigold-Valid (413).jpeg,5,Marigold
data/Marigold/Marigold-Valid (159).jpeg,5,Marigold
data/Marigold/Marigold-Valid (244).jpeg,5,Marigold
data/Marigold/Marigold-Valid (264).jpeg,5,Marigold
data/Marigold/Marigold-Valid (450).jpeg,5,Marigold
data/Marigold/Marigold-Valid (93).jpeg,5,Marigold
data/Marigold/Marigold-Valid (50).jpeg,5,Marigold
data/Marigold/Marigold-Valid (206).jpeg,5,Marigold
data/Marigold/Marigold-Valid (142).jpeg,5,Marigold
data/Marigold/Marigold-Valid (366).jpeg,5,Marigold
data/Marigold/Marigold-Valid (286).jpeg,5,Marigold
data/Marigold/Marigold-Valid (496).jpeg,5,Marigold
data/Marigold/Marigold-Valid (265).jpeg,5,Marigold
data/Marigold/Marigold-Valid (199).jpeg,5,Marigold
data/Marigold/Marigold-Valid (218).jpeg,5,Marigold
data/Marigold/Marigold-Valid (147).jpeg,5,Marigold
data/Marigold/Marigold-Valid (476).jpeg,5,Marigold
data/Marigold/Marigold-Valid (380).jpeg,5,Marigold
data/Marigold/Marigold-Valid (140).jpeg,5,Marigold
data/Marigold/Marigold-Valid (73).jpeg,5,Marigold
data/Marigold/Marigold-Valid (300).jpeg,5,Marigold
data/Marigold/Marigold-Valid (456).jpeg,5,Marigold
data/Marigold/Marigold-Valid (383).jpeg,5,Marigold
data/Marigold/Marigold-Valid (51).jpeg,5,Marigold
data/Marigold/Marigold-Valid (454).jpeg,5,Marigold
data/Marigold/Marigold-Valid (434).jpeg,5,Marigold
data/Marigold/Marigold-Valid (471).jpeg,5,Marigold
data/Marigold/Marigold-Valid (340).jpeg,5,Marigold
data/Marigold/Marigold-Valid (182).jpeg,5,Marigold
data/Marigold/Marigold-Valid (449).jpeg,5,Marigold
data/Marigold/Marigold-Valid (282).jpeg,5,Marigold
data/Marigold/Marigold-Valid (299).jpeg,5,Marigold
data/Marigold/Marigold-Valid (493).jpeg,5,Marigold
data/Marigold/Marigold-Valid (122).jpeg,5,Marigold
data/Marigold/Marigold-Valid (105).jpeg,5,Marigold
data/Marigold/Marigold-Valid (3).jpeg,5,Marigold
data/Marigold/Marigold-Valid (220).jpeg,5,Marigold
data/Orchid/Orchid-Valid (241).jpeg,6,Orchid
data/Orchid/Orchid-Valid (105).jpeg,6,Orchid
data/Orchid/Orchid-Valid (15).jpeg,6,Orchid
data/Orchid/Orchid-Valid (340).jpeg,6,Orchid
data/Orchid/Orchid-Valid (69).jpeg,6,Orchid
data/Orchid/Orchid-Valid (101).jpeg,6,Orchid
data/Orchid/Orchid-Valid (68).jpeg,6,Orchid
data/Orchid/Orchid-Valid (437).jpeg,6,Orchid
data/Orchid/Orchid-Valid (90).jpeg,6,Orchid
data/Orchid/Orchid-Valid (472).jpeg,6,Orchid
data/Orchid/Orchid-Valid (73).jpeg,6,Orchid
data/Orchid/Orchid-Valid (119).jpeg,6,Orchid
data/Orchid/Orchid-Valid (71).jpeg,6,Orchid
data/Orchid/Orchid-Valid (179).jpeg,6,Orchid
data/Orchid/Orchid-Valid (327).jpeg,6,Orchid
data/Orchid/Orchid-Valid (37).jpeg,6,Orchid
data/Orchid/Orchid-Valid (161).jpeg,6,Orchid
data/Orchid/Orchid-Valid (453).jpeg,6,Orchid
data/Orchid/Orchid-Valid (284).jpeg,6,Orchid
data/Orchid/Orchid-Valid (240).jpeg,6,Orchid
data/Orchid/Orchid-Valid (342).jpeg,6,Orchid
data/Orchid/Orchid-Valid (287).jpeg,6,Orchid
data/Orchid/Orchid-Valid (205).jpeg,6,Orchid
data/Orchid/Orchid-Valid (13).jpeg,6,Orchid
data/Orchid/Orchid-Valid (489).jpeg,6,Orchid
data/Orchid/Orchid-Valid (306).jpeg,6,Orchid
data/Orchid/Orchid-Valid (242).jpeg,6,Orchid
data/Orchid/Orchid-Valid (118).jpeg,6,Orchid
data/Orchid/Orchid-Valid (286).jpeg,6,Orchid
data/Orchid/Orchid-Valid (493).jpeg,6,Orchid
data/Orchid/Orchid-Valid (245).jpeg,6,Orchid
data/Orchid/Orchid-Valid (343).jpeg,6,Orchid
data/Orchid/Orchid-Valid (204).jpeg,6,Orchid
data/Orchid/Orchid-Valid (262).jpeg,6,Orchid
data/Orchid/Orchid-Valid (383).jpeg,6,Orchid
data/Orchid/Orchid-Valid (94).jpeg,6,Orchid
data/Orchid/Orchid-Valid (428).jpeg,6,Orchid
data/Orchid/Orchid-Valid (263).jpeg,6,Orchid
data/Orchid/Orchid-Valid (11).jpeg,6,Orchid
data/Orchid/Orchid-Valid (104).jpeg,6,Orchid
data/Orchid/Orchid-Valid (143).jpeg,6,Orchid
data/Orchid/Orchid-Valid (474).jpeg,6,Orchid
data/Orchid/Orchid-Valid (477).jpeg,6,Orchid
data/Orchid/Orchid-Valid (470).jpeg,6,Orchid
data/Orchid/Orchid-Valid (435).jpeg,6,Orchid
data/Orchid/Orchid-Valid (429).jpeg,6,Orchid
data/Orchid/Orchid-Valid (282).jpeg,6,Orchid
data/Orchid/Orchid-Valid (496).jpeg,6,Orchid
data/Orchid/Orchid-Valid (1).jpeg,6,Orchid
data/Orchid/Orchid-Valid (36).jpeg,6,Orchid
data/Orchid/Orchid-Valid (186).jpeg,6,Orchid
data/Orchid/Orchid-Valid (207).jpeg,6,Orchid
data/Orchid/Orchid-Valid (201).jpeg,6,Orchid
data/Orchid/Orchid-Valid (103).jpeg,6,Orchid
data/Orchid/Orchid-Valid (266).jpeg,6,Orchid
data/Orchid/Orchid-Valid (12).jpeg,6,Orchid
data/Orchid/Orchid-Valid (124).jpeg,6,Orchid
data/Orchid/Orchid-Valid (180).jpeg,6,Orchid
data/Orchid/Orchid-Valid (339).jpeg,6,Orchid
data/Orchid/Orchid-Valid (6).jpeg,6,Orchid
data/Orchid/Orchid-Valid (34).jpeg,6,Orchid
data/Orchid/Orchid-Valid (5).jpeg,6,Orchid
data/Orchid/Orchid-Valid (260).jpeg,6,Orchid
data/Orchid/Orchid-Valid (264).jpeg,6,Orchid
data/Orchid/Orchid-Valid (450).jpeg,6,Orchid
data/Orchid/Orchid-Valid (285).jpeg,6,Orchid
data/Orchid/Orchid-Valid (259).jpeg,6,Orchid
data/Orchid/Orchid-Valid (414).jpeg,6,Orchid
data/Orchid/Orchid-Valid (178).jpeg,6,Orchid
data/Orchid/Orchid-Valid (70).jpeg,6,Orchid
data/Orchid/Orchid-Valid (49).jpeg,6,Orchid
data/Orchid/Orchid-Valid (476).jpeg,6,Orchid
data/Orchid/Orchid-Valid (379).jpeg,6,Orchid
data/Orchid/Orchid-Valid (246).jpeg,6,Orchid
data/Orchid/Orchid-Valid (238).jpeg,6,Orchid
data/Orchid/Orchid-Valid (95).jpeg,6,Orchid
data/Orchid/Orchid-Valid (358).jpeg,6,Orchid
data/Orchid/Orchid-Valid (187).jpeg,6,Orchid
data/Orchid/Orchid-Valid (227).jpeg,6,Orchid
data/Orchid/Orchid-Valid (325).jpeg,6,Orchid
data/Orchid/Orchid-Valid (323).jpeg,6,Orchid
data/Orchid/Orchid-Valid (322).jpeg,6,Orchid
data/Orchid/Orchid-Valid (10).jpeg,6,Orchid
data/Orchid/Orchid-Valid (491).jpeg,6,Orchid
data/Orchid/Orchid-Valid (411).jpeg,6,Orchid
data/Orchid/Orchid-Valid (35).jpeg,6,Orchid
data/Orchid/Orchid-Valid (31).jpeg,6,Orchid
data/Orchid/Orchid-Valid (162).jpeg,6,Orchid
data/Orchid/Orchid-Valid (146).jpeg,6,Orchid
data/Orchid/Orchid-Valid (7).jpeg,6,Orchid
data/Orchid/Orchid-Valid (226).jpeg,6,Orchid
data/Orchid/Orchid-Valid (33).jpeg,6,Orchid
data/Orchid/Orchid-Valid (76).jpeg,6,Orchid
data/Orchid/Orchid-Valid (3).jpeg,6,Orchid
data/Orchid/Orchid-Valid (244).jpeg,6,Orchid
data/Orchid/Orchid-Valid (144).jpeg,6,Orchid
data/Orchid/Orchid-Valid (415).jpeg,6,Orchid
data/Orchid/Orchid-Valid (471).jpeg,6,Orchid
data/Orchid/Orchid-Valid (17).jpeg,6,Orchid
data/Orchid/Orchid-Valid (320).jpeg,6,Orchid
data/Orchid/Orchid-Valid (380).jpeg,6,Orchid
data/Orchid/Orchid-Valid (97).jpeg,6,Orchid
data/Orchid/Orchid-Valid (92).jpeg,6,Orchid
data/Orchid/Orchid-Valid (160).jpeg,6,Orchid
data/Orchid/Orchid-Valid (165).jpeg,6,Orchid
data/Orchid/Orchid-Valid (408).jpeg,6,Orchid
data/Orchid/Orchid-Valid (299).jpeg,6,Orchid
data/Orchid/Orchid-Valid (181).jpeg,6,Orchid
data/Orchid/Orchid-Valid (338).jpeg,6,Orchid
data/Orchid/Orchid-Valid (185).jpeg,6,Orchid
data/Orchid/Orchid-Valid (223).jpeg,6,Orchid
data/Orchid/Orchid-Valid (120).jpeg,6,Orchid
data/Orchid/Orchid-Valid (454).jpeg,6,Orchid
data/Orchid/Orchid-Valid (381).jpeg,6,Orchid
data/Orchid/Orchid-Valid (140).jpeg,6,Orchid
data/Orchid/Orchid-Valid (261).jpeg,6,Orchid
data/Orchid/Orchid-Valid (432).jpeg,6,Orchid
data/Orchid/Orchid-Valid (494).jpeg,6,Orchid
data/Orchid/Orchid-Valid (184).jpeg,6,Orchid
data/Orchid/Orchid-Valid (365).jpeg,6,Orchid
data/Orchid/Orchid-Valid (55).jpeg,6,Orchid
data/Orchid/Orchid-Valid (198).jpeg,6,Orchid
data/Orchid/Orchid-Valid (122).jpeg,6,Orchid
data/Orchid/Orchid-Valid (106).jpeg,6,Orchid
data/Orchid/Orchid-Valid (52).jpeg,6,Orchid
data/Orchid/Orchid-Valid (163).jpeg,6,Orchid
data/Orchid/Orchid-Valid (301).jpeg,6,Orchid
data/Orchid/Orchid-Valid (488).jpeg,6,Orchid
data/Orchid/Orchid-Valid (4).jpeg,6,Orchid
data/Orchid/Orchid-Valid (366).jpeg,6,Orchid
data/Orchid/Orchid-Valid (158).jpeg,6,Orchid
data/Orchid/Orchid-Valid (384).jpeg,6,Orchid
data/Orchid/Orchid-Valid (203).jpeg,6,Orchid
data/Orchid/Orchid-Valid (362).jpeg,6,Orchid
data/Orchid/Orchid-Valid (475).jpeg,6,Orchid
data/Orchid/Orchid-Valid (382).jpeg,6,Orchid
data/Orchid/Orchid-Valid (57).jpeg,6,Orchid
data/Orchid/Orchid-Valid (367).jpeg,6,Orchid
data/Orchid/Orchid-Valid (239).jpeg,6,Orchid
data/Orchid/Orchid-Valid (360).jpeg,6,Orchid
data/Orchid/Orchid-Valid (451).jpeg,6,Orchid
data/Orchid/Orchid-Valid (202).jpeg,6,Orchid
data/Orchid/Orchid-Valid (224).jpeg,6,Orchid
data/Orchid/Orchid-Valid (448).jpeg,6,Orchid
data/Orchid/Orchid-Valid (280).jpeg,6,Orchid
data/Orchid/Orchid-Valid (141).jpeg,6,Orchid
data/Orchid/Orchid-Valid (279).jpeg,6,Orchid
data/Orchid/Orchid-Valid (72).jpeg,6,Orchid
data/Orchid/Orchid-Valid (304).jpeg,6,Orchid
data/Orchid/Orchid-Valid (247).jpeg,6,Orchid
data/Orchid/Orchid-Valid (221).jpeg,6,Orchid
data/Orchid/Orchid-Valid (74).jpeg,6,Orchid
data/Orchid/Orchid-Valid (398).jpeg,6,Orchid
data/Orchid/Orchid-Valid (307).jpeg,6,Orchid
data/Orchid/Orchid-Valid (28).jpeg,6,Orchid
data/Orchid/Orchid-Valid (100).jpeg,6,Orchid
data/Orchid/Orchid-Valid (278).jpeg,6,Orchid
data/Orchid/Orchid-Valid (147).jpeg,6,Orchid
data/Orchid/Orchid-Valid (303).jpeg,6,Orchid
data/Orchid/Orchid-Valid (492).jpeg,6,Orchid
data/Poppy/Poppy-Valid (497).jpeg,7,Poppy
data/Poppy/Poppy-Valid (15).jpeg,7,Poppy
data/Poppy/Poppy-Valid (382).jpeg,7,Poppy
data/Poppy/Poppy-Valid (7).jpeg,7,Poppy
data/Poppy/Poppy-Valid (318).jpeg,7,Poppy
data/Poppy/Poppy-Valid (167).jpeg,7,Poppy
data/Poppy/Poppy-Valid (144).jpeg,7,Poppy
data/Poppy/Poppy-Valid (16).jpeg,7,Poppy
data/Poppy/Poppy-Valid (494).jpeg,7,Poppy
data/Poppy/Poppy-Valid (1).jpeg,7,Poppy
data/Poppy/Poppy-Valid (205).jpeg,7,Poppy
data/Poppy/Poppy-Valid (30).jpeg,7,Poppy
data/Poppy/Poppy-Valid (302).jpeg,7,Poppy
data/Poppy/Poppy-Valid (91).jpeg,7,Poppy
data/Poppy/Poppy-Valid (183).jpeg,7,Poppy
data/Poppy/Poppy-Valid (247).jpeg,7,Poppy
data/Poppy/Poppy-Valid (146).jpeg,7,Poppy
data/Poppy/Poppy-Valid (222).jpeg,7,Poppy
data/Poppy/Poppy-Valid (408).jpeg,7,Poppy
data/Poppy/Poppy-Valid (283).jpeg,7,Poppy
data/Poppy/Poppy-Valid (2).jpeg,7,Poppy
data/Poppy/Poppy-Valid (469).jpeg,7,Poppy
data/Poppy/Poppy-Valid (436).jpeg,7,Poppy
data/Poppy/Poppy-Valid (378).jpeg,7,Poppy
data/Poppy/Poppy-Valid (105).jpeg,7,Poppy
data/Poppy/Poppy-Valid (223).jpeg,7,Poppy
data/Poppy/Poppy-Valid (453).jpeg,7,Poppy
data/Poppy/Poppy-Valid (384).jpeg,7,Poppy
data/Poppy/Poppy-Valid (451).jpeg,7,Poppy
data/Poppy/Poppy-Valid (410).jpeg,7,Poppy
data/Poppy/Poppy-Valid (55).jpeg,7,Poppy
data/Poppy/Poppy-Valid (239).jpeg,7,Poppy
data/Poppy/Poppy-Valid (160).jpeg,7,Poppy
data/Poppy/Poppy-Valid (282).jpeg,7,Poppy
data/Poppy/Poppy-Valid (493).jpeg,7,Poppy
data/Poppy/Poppy-Valid (238).jpeg,7,Poppy
data/Poppy/Poppy-Valid (361).jpeg,7,Poppy
data/Poppy/Poppy-Valid (326).jpeg,7,Poppy
data/Poppy/Poppy-Valid (434).jpeg,7,Poppy
data/Poppy/Poppy-Valid (411).jpeg,7,Poppy
data/Poppy/Poppy-Valid (68).jpeg,7,Poppy
data/Poppy/Poppy-Valid (264).jpeg,7,Poppy
data/Poppy/Poppy-Valid (303).jpeg,7,Poppy
data/Poppy/Poppy-Valid (118).jpeg,7,Poppy
data/Poppy/Poppy-Valid (261).jpeg,7,Poppy
data/Poppy/Poppy-Valid (259).jpeg,7,Poppy
data/Poppy/Poppy-Valid (243).jpeg,7,Poppy
data/Poppy/Poppy-Valid (14).jpeg,7,Poppy
data/Poppy/Poppy-Valid (387).jpeg,7,Poppy
data/Poppy/Poppy-Valid (304).jpeg,7,Poppy
data/Poppy/Poppy-Valid (319).jpeg,7,Poppy
data/Poppy/Poppy-Valid (71).jpeg,7,Poppy
data/Poppy/Poppy-Valid (200).jpeg,7,Poppy
data/Poppy/Poppy-Valid (409).jpeg,7,Poppy
data/Poppy/Poppy-Valid (220).jpeg,7,Poppy
data/Poppy/Poppy-Valid (88).jpeg,7,Poppy
data/Poppy/Poppy-Valid (53).jpeg,7,Poppy
data/Poppy/Poppy-Valid (219).jpeg,7,Poppy
data/Poppy/Poppy-Valid (473).jpeg,7,Poppy
data/Poppy/Poppy-Valid (12).jpeg,7,Poppy
data/Poppy/Poppy-Valid (262).jpeg,7,Poppy
data/Poppy/Poppy-Valid (143).jpeg,7,Poppy
data/Poppy/Poppy-Valid (300).jpeg,7,Poppy
data/Poppy/Poppy-Valid (32).jpeg,7,Poppy
data/Poppy/Poppy-Valid (452).jpeg,7,Poppy
data/Poppy/Poppy-Valid (265).jpeg,7,Poppy
data/Poppy/Poppy-Valid (385).jpeg,7,Poppy
data/Poppy/Poppy-Valid (164).jpeg,7,Poppy
data/Poppy/Poppy-Valid (163).jpeg,7,Poppy
data/Poppy/Poppy-Valid (398).jpeg,7,Poppy
data/Poppy/Poppy-Valid (123).jpeg,7,Poppy
data/Poppy/Poppy-Valid (166).jpeg,7,Poppy
data/Poppy/Poppy-Valid (90).jpeg,7,Poppy
data/Poppy/Poppy-Valid (17).jpeg,7,Poppy
data/Poppy/Poppy-Valid (221).jpeg,7,Poppy
data/Poppy/Poppy-Valid (365).jpeg,7,Poppy
data/Poppy/Poppy-Valid (186).jpeg,7,Poppy
data/Poppy/Poppy-Valid (240).jpeg,7,Poppy
data/Poppy/Poppy-Valid (93).jpeg,7,Poppy
data/Poppy/Poppy-Valid (95).jpeg,7,Poppy
data/Poppy/Poppy-Valid (106).jpeg,7,Poppy
data/Poppy/Poppy-Valid (77).jpeg,7,Poppy
data/Poppy/Poppy-Valid (202).jpeg,7,Poppy
data/Poppy/Poppy-Valid (126).jpeg,7,Poppy
data/Poppy/Poppy-Valid (320).jpeg,7,Poppy
data/Poppy/Poppy-Valid (245).jpeg,7,Poppy
data/Poppy/Poppy-Valid (3).jpeg,7,Poppy
data/Poppy/Poppy-Valid (107).jpeg,7,Poppy
data/Poppy/Poppy-Valid (298).jpeg,7,Poppy
data/Poppy/Poppy-Valid (142).jpeg,7,Poppy
data/Poppy/Poppy-Valid (341).jpeg,7,Poppy
data/Poppy/Poppy-Valid (198).jpeg,7,Poppy
data/Poppy/Poppy-Valid (204).jpeg,7,Poppy
data/Poppy/Poppy-Valid (435).jpeg,7,Poppy
data/Poppy/Poppy-Valid (343).jpeg,7,Poppy
data/Poppy/Poppy-Valid (51).jpeg,7,Poppy
data/Poppy/Poppy-Valid (470).jpeg,7,Poppy
data/Poppy/Poppy-Valid (281).jpeg,7,Poppy
data/Poppy/Poppy-Valid (454).jpeg,7,Poppy
data/Poppy/Poppy-Valid (416).jpeg,7,Poppy
data/Poppy/Poppy-Valid (74).jpeg,7,Poppy
data/Poppy/Poppy-Valid (5).jpeg,7,Poppy
data/Poppy/Poppy-Valid (199).jpeg,7,Poppy
data/Poppy/Poppy-Valid (414).jpeg,7,Poppy
data/Poppy/Poppy-Valid (456).jpeg,7,Poppy
data/Poppy/Poppy-Valid (379).jpeg,7,Poppy
data/Poppy/Poppy-Valid (360).jpeg,7,Poppy
data/Poppy/Poppy-Valid (413).jpeg,7,Poppy
data/Poppy/Poppy-Valid (322).jpeg,7,Poppy
data/Poppy/Poppy-Valid (207).jpeg,7,Poppy
data/Poppy/Poppy-Valid (429).jpeg,7,Poppy
data/Poppy/Poppy-Valid (242).jpeg,7,Poppy
data/Poppy/Poppy-Valid (48).jpeg,7,Poppy
data/Poppy/Poppy-Valid (31).jpeg,7,Poppy
data/Poppy/Poppy-Valid (89).jpeg,7,Poppy
data/Poppy/Poppy-Valid (363).jpeg,7,Poppy
data/Poppy/Poppy-Valid (383).jpeg,7,Poppy
data/Poppy/Poppy-Valid (324).jpeg,7,Poppy
data/Poppy/Poppy-Valid (491).jpeg,7,Poppy
data/Poppy/Poppy-Valid (181).jpeg,7,Poppy
data/Poppy/Poppy-Valid (412).jpeg,7,Poppy
data/Poppy/Poppy-Valid (125).jpeg,7,Poppy
data/Poppy/Poppy-Valid (138).jpeg,7,Poppy
data/Poppy/Poppy-Valid (477).jpeg,7,Poppy
data/Poppy/Poppy-Valid (49).jpeg,7,Poppy
data/Poppy/Poppy-Valid (488).jpeg,7,Poppy
data/Poppy/Poppy-Valid (206).jpeg,7,Poppy
data/Poppy/Poppy-Valid (103).jpeg,7,Poppy
data/Poppy/Poppy-Valid (471).jpeg,7,Poppy
data/Poppy/Poppy-Valid (162).jpeg,7,Poppy
data/Poppy/Poppy-Valid (455).jpeg,7,Poppy
data/Poppy/Poppy-Valid (158).jpeg,7,Poppy
data/Poppy/Poppy-Valid (165).jpeg,7,Poppy
data/Poppy/Poppy-Valid (263).jpeg,7,Poppy
data/Poppy/Poppy-Valid (280).jpeg,7,Poppy
data/Poppy/Poppy-Valid (57).jpeg,7,Poppy
data/Poppy/Poppy-Valid (495).jpeg,7,Poppy
data/Poppy/Poppy-Valid (33).jpeg,7,Poppy
data/Poppy/Poppy-Valid (345).jpeg,7,Poppy
data/Poppy/Poppy-Valid (472).jpeg,7,Poppy
data/Poppy/Poppy-Valid (29).jpeg,7,Poppy
data/Poppy/Poppy-Valid (76).jpeg,7,Poppy
data/Poppy/Poppy-Valid (430).jpeg,7,Poppy
data/Poppy/Poppy-Valid (266).jpeg,7,Poppy
data/Poppy/Poppy-Valid (28).jpeg,7,Poppy
data/Poppy/Poppy-Valid (417).jpeg,7,Poppy
data/Poppy/Poppy-Valid (75).jpeg,7,Poppy
data/Poppy/Poppy-Valid (468).jpeg,7,Poppy
data/Poppy/Poppy-Valid (448).jpeg,7,Poppy
data/Poppy/Poppy-Valid (227).jpeg,7,Poppy
data/Poppy/Poppy-Valid (344).jpeg,7,Poppy
data/Poppy/Poppy-Valid (141).jpeg,7,Poppy
data/Poppy/Poppy-Valid (496).jpeg,7,Poppy
data/Poppy/Poppy-Valid (97).jpeg,7,Poppy
data/Poppy/Poppy-Valid (381).jpeg,7,Poppy
data/Poppy/Poppy-Valid (339).jpeg,7,Poppy
data/Poppy/Poppy-Valid (73).jpeg,7,Poppy
data/Poppy/Poppy-Valid (140).jpeg,7,Poppy
data/Poppy/Poppy-Valid (226).jpeg,7,Poppy
data/Poppy/Poppy-Valid (121).jpeg,7,Poppy
data/Rose/Rose-Valid (80).jpeg,8,Rose
data/Rose/Rose-Valid (231).jpeg,8,Rose
data/Rose/Rose-Valid (377).jpeg,8,Rose
data/Rose/Rose-Valid (372).jpeg,8,Rose
data/Rose/Rose-Valid (289).jpeg,8,Rose
data/Rose/Rose-Valid (111).jpeg,8,Rose
data/Rose/Rose-Valid (169).jpeg,8,Rose
data/Rose/Rose-Valid (458).jpeg,8,Rose
data/Rose/Rose-Valid (46).jpeg,8,Rose
data/Rose/Rose-Valid (174).jpeg,8,Rose
data/Rose/Rose-Valid (351).jpeg,8,Rose
data/Rose/Rose-Valid (439).jpeg,8,Rose
data/Rose/Rose-Valid (248).jpeg,8,Rose
data/Rose/Rose-Valid (396).jpeg,8,Rose
data/Rose/Rose-Valid (18).jpeg,8,Rose
data/Rose/Rose-Valid (250).jpeg,8,Rose
data/Rose/Rose-Valid (313).jpeg,8,Rose
data/Rose/Rose-Valid (356).jpeg,8,Rose
data/Rose/Rose-Valid (172).jpeg,8,Rose
data/Rose/Rose-Valid (135).jpeg,8,Rose
data/Rose/Rose-Valid (175).jpeg,8,Rose
data/Rose/Rose-Valid (6).jpeg,8,Rose
data/Rose/Rose-Valid (297).jpeg,8,Rose
data/Rose/Rose-Valid (353).jpeg,8,Rose
data/Rose/Rose-Valid (133).jpeg,8,Rose
data/Rose/Rose-Valid (335).jpeg,8,Rose
data/Rose/Rose-Valid (312).jpeg,8,Rose
data/Rose/Rose-Valid (212).jpeg,8,Rose
data/Rose/Rose-Valid (44).jpeg,8,Rose
data/Rose/Rose-Valid (311).jpeg,8,Rose
data/Rose/Rose-Valid (128).jpeg,8,Rose
data/Rose/Rose-Valid (64).jpeg,8,Rose
data/Rose/Rose-Valid (391).jpeg,8,Rose
data/Rose/Rose-Valid (293).jpeg,8,Rose
data/Rose/Rose-Valid (190).jpeg,8,Rose
data/Rose/Rose-Valid (336).jpeg,8,Rose
data/Rose/Rose-Valid (214).jpeg,8,Rose
data/Rose/Rose-Valid (314).jpeg,8,Rose
data/Rose/Rose-Valid (357).jpeg,8,Rose
data/Rose/Rose-Valid (277).jpeg,8,Rose
data/Rose/Rose-Valid (402).jpeg,8,Rose
data/Rose/Rose-Valid (60).jpeg,8,Rose
data/Rose/Rose-Valid (20).jpeg,8,Rose
data/Rose/Rose-Valid (129).jpeg,8,Rose
data/Rose/Rose-Valid (426).jpeg,8,Rose
data/Rose/Rose-Valid (148).jpeg,8,Rose
data/Rose/Rose-Valid (233).jpeg,8,Rose
data/Rose/Rose-Valid (228).jpeg,8,Rose
data/Rose/Rose-Valid (98).jpeg,8,Rose
data/Rose/Rose-Valid (388).jpeg,8,Rose
data/Rose/Rose-Valid (290).jpeg,8,Rose
data/Rose/Rose-Valid (84).jpeg,8,Rose
data/Rose/Rose-Valid (188).jpeg,8,Rose
data/Rose/Rose-Valid (487).jpeg,8,Rose
data/Rose/Rose-Valid (418).jpeg,8,Rose
data/Rose/Rose-Valid (23).jpeg,8,Rose
data/Rose/Rose-Valid (355).jpeg,8,Rose
data/Rose/Rose-Valid (462).jpeg,8,Rose
data/Rose/Rose-Valid (153).jpeg,8,Rose
data/Rose/Rose-Valid (479).jpeg,8,Rose
data/Rose/Rose-Valid (131).jpeg,8,Rose
data/Rose/Rose-Valid (419).jpeg,8,Rose
data/Rose/Rose-Valid (108).jpeg,8,Rose
data/Rose/Rose-Valid (232).jpeg,8,Rose
data/Rose/Rose-Valid (371).jpeg,8,Rose
data/Rose/Rose-Valid (193).jpeg,8,Rose
data/Rose/Rose-Valid (154).jpeg,8,Rose
data/Rose/Rose-Valid (268).jpeg,8,Rose
data/Rose/Rose-Valid (45).jpeg,8,Rose
data/Rose/Rose-Valid (149).jpeg,8,Rose
data/Rose/Rose-Valid (7).jpeg,8,Rose
data/Rose/Rose-Valid (22).jpeg,8,Rose
data/Rose/Rose-Valid (316).jpeg,8,Rose
data/Rose/Rose-Valid (368).jpeg,8,Rose
data/Rose/Rose-Valid (485).jpeg,8,Rose
data/Rose/Rose-Valid (440).jpeg,8,Rose
data/Rose/Rose-Valid (348).jpeg,8,Rose
data/Rose/Rose-Valid (176).jpeg,8,Rose
data/Rose/Rose-Valid (273).jpeg,8,Rose
data/Rose/Rose-Valid (59).jpeg,8,Rose
data/Rose/Rose-Valid (230).jpeg,8,Rose
data/Rose/Rose-Valid (443).jpeg,8,Rose
data/Rose/Rose-Valid (191).jpeg,8,Rose
data/Rose/Rose-Valid (405).jpeg,8,Rose
data/Rose/Rose-Valid (370).jpeg,8,Rose
data/Rose/Rose-Valid (332).jpeg,8,Rose
data/Rose/Rose-Valid (375).jpeg,8,Rose
data/Rose/Rose-Valid (253).jpeg,8,Rose
data/Rose/Rose-Valid (420).jpeg,8,Rose
data/Rose/Rose-Valid (236).jpeg,8,Rose
data/Rose/Rose-Valid (58).jpeg,8,Rose
data/Rose/Rose-Valid (109).jpeg,8,Rose
data/Rose/Rose-Valid (152).jpeg,8,Rose
data/Rose/Rose-Valid (315).jpeg,8,Rose
data/Rose/Rose-Valid (114).jpeg,8,Rose
data/Rose/Rose-Valid (216).jpeg,8,Rose
data/Rose/Rose-Valid (3).jpeg,8,Rose
data/Rose/Rose-Valid (150).jpeg,8,Rose
data/Rose/Rose-Valid (137).jpeg,8,Rose
data/Rose/Rose-Valid (251).jpeg,8,Rose
data/Rose/Rose-Valid (81).jpeg,8,Rose
data/Rose/Rose-Valid (445).jpeg,8,Rose
data/Rose/Rose-Valid (209).jpeg,8,Rose
data/Rose/Rose-Valid (350).jpeg,8,Rose
data/Rose/Rose-Valid (461).jpeg,8,Rose
data/Rose/Rose-Valid (194).jpeg,8,Rose
data/Rose/Rose-Valid (401).jpeg,8,Rose
data/Rose/Rose-Valid (21).jpeg,8,Rose
data/Rose/Rose-Valid (217).jpeg,8,Rose
data/Rose/Rose-Valid (400).jpeg,8,Rose
data/Rose/Rose-Valid (86).jpeg,8,Rose
data/Rose/Rose-Valid (467).jpeg,8,Rose
data/Rose/Rose-Valid (481).jpeg,8,Rose
data/Rose/Rose-Valid (422).jpeg,8,Rose
data/Rose/Rose-Valid (130).jpeg,8,Rose
data/Rose/Rose-Valid (310).jpeg,8,Rose
data/Rose/Rose-Valid (308).jpeg,8,Rose
data/Rose/Rose-Valid (446).jpeg,8,Rose
data/Rose/Rose-Valid (425).jpeg,8,Rose
data/Rose/Rose-Valid (62).jpeg,8,Rose
data/Rose/Rose-Valid (441).jpeg,8,Rose
data/Rose/Rose-Valid (465).jpeg,8,Rose
data/Rose/Rose-Valid (79).jpeg,8,Rose
data/Rose/Rose-Valid (288).jpeg,8,Rose
data/Rose/Rose-Valid (82).jpeg,8,Rose
data/Rose/Rose-Valid (424).jpeg,8,Rose
data/Rose/Rose-Valid (40).jpeg,8,Rose
data/Rose/Rose-Valid (271).jpeg,8,Rose
data/Rose/Rose-Valid (486).jpeg,8,Rose
data/Rose/Rose-Valid (132).jpeg,8,Rose
data/Rose/Rose-Valid (113).jpeg,8,Rose
data/Rose/Rose-Valid (447).jpeg,8,Rose
data/Rose/Rose-Valid (83).jpeg,8,Rose
data/Rose/Rose-Valid (257).jpeg,8,Rose
data/Rose/Rose-Valid (151).jpeg,8,Rose
data/Rose/Rose-Valid (192).jpeg,8,Rose
data/Rose/Rose-Valid (292).jpeg,8,Rose
data/Rose/Rose-Valid (229).jpeg,8,Rose
data/Rose/Rose-Valid (484).jpeg,8,Rose
data/Rose/Rose-Valid (483).jpeg,8,Rose
data/Rose/Rose-Valid (478).jpeg,8,Rose
data/Rose/Rose-Valid (406).jpeg,8,Rose
data/Rose/Rose-Valid (390).jpeg,8,Rose
data/Rose/Rose-Valid (43).jpeg,8,Rose
data/Rose/Rose-Valid (329).jpeg,8,Rose
data/Rose/Rose-Valid (330).jpeg,8,Rose
data/Rose/Rose-Valid (295).jpeg,8,Rose
data/Rose/Rose-Valid (99).jpeg,8,Rose
data/Rose/Rose-Valid (67).jpeg,8,Rose
data/Rose/Rose-Valid (500).jpeg,8,Rose
data/Rose/Rose-Valid (208).jpeg,8,Rose
data/Rose/Rose-Valid (156).jpeg,8,Rose
data/Rose/Rose-Valid (215).jpeg,8,Rose
data/Rose/Rose-Valid (39).jpeg,8,Rose
data/Rose/Rose-Valid (5).jpeg,8,Rose
data/Rose/Rose-Valid (65).jpeg,8,Rose
data/Rose/Rose-Valid (334).jpeg,8,Rose
data/Rose/Rose-Valid (4).jpeg,8,Rose
data/Rose/Rose-Valid (249).jpeg,8,Rose
data/Rose/Rose-Valid (42).jpeg,8,Rose
data/Sunflower/Sunflower-Valid (70).jpeg,9,Sunflower
data/Sunflower/Sunflower-Valid (110).jpeg,9,Sunflower
data/Sunflower/Sunflower-Valid (368).jpeg,9,Sunflower
data/Sunflower/Sunflower-Valid (173).jpeg,9,Sunflower
data/Sunflower/Sunflower-Valid (234).jpeg,9,Sunflower
data/Sunflower/Sunflower-Valid (189).jpeg,9,Sunflower
data/Sunflower/Sunflower-Valid (441).jpeg,9,Sunflower
data/Sunflower/Sunflower-Valid (131).jpeg,9,Sunflower
data/Sunflower/Sunflower-Valid (461).jpeg,9,Sunflower
data/Sunflower/Sunflower-Valid (253).jpeg,9,Sunflower
data/Sunflower/Sunflower-Valid (273).jpeg,9,Sunflower
data/Sunflower/Sunflower-Valid (484).jpeg,9,Sunflower
data/Sunflower/Sunflower-Valid (405).jpeg,9,Sunflower
data/Sunflower/Sunflower-Valid (277).jpeg,9,Sunflower
data/Sunflower/Sunflower-Valid (88).jpeg,9,Sunflower
data/Sunflower/Sunflower-Valid (314).jpeg,9,Sunflower
data/Sunflower/Sunflower-Valid (423).jpeg,9,Sunflower
data/Sunflower/Sunflower-Valid (440).jpeg,9,Sunflower
data/Sunflower/Sunflower-Valid (309).jpeg,9,Sunflower
data/Sunflower/Sunflower-Valid (190).jpeg,9,Sunflower
data/Sunflower/Sunflower-Valid (357).jpeg,9,Sunflower
data/Sunflower/Sunflower-Valid (465).jpeg,9,Sunflower
data/Sunflower/Sunflower-Valid (33).jpeg,9,Sunflower
data/Sunflower/Sunflower-Valid (28).jpeg,9,Sunflower
data/Sunflower/Sunflower-Valid (49).jpeg,9,Sunflower
data/Sunflower/Sunflower-Valid (296).jpeg,9,Sunflower
data/Sunflower/Sunflower-Valid (89).jpeg,9,Sunflower
data/Sunflower/Sunflower-Valid (17).jpeg,9,Sunflower
data/Sunflower/Sunflower-Valid (157).jpeg,9,Sunflower
data/Sunflower/Sunflower-Valid (237).jpeg,9,Sunflower
data/Sunflower/Sunflower-Valid (93).jpeg,9,Sunflower
data/Sunflower/Sunflower-Valid (389).jpeg,9,Sunflower
data/Sunflower/Sunflower-Valid (480).jpeg,9,Sunflower
data/Sunflower/Sunflower-Valid (467).jpeg,9,Sunflower
data/Sunflower/Sunflower-Valid (404).jpeg,9,Sunflower
data/Sunflower/Sunflower-Valid (311).jpeg,9,Sunflower
data/Sunflower/Sunflower-Valid (500).jpeg,9,Sunflower
data/Sunflower/Sunflower-Valid (91).jpeg,9,Sunflower
data/Sunflower/Sunflower-Valid (272).jpeg,9,Sunflower
data/Sunflower/Sunflower-Valid (312).jpeg,9,Sunflower
data/Sunflower/Sunflower-Valid (426).jpeg,9,Sunflower
data/Sunflower/Sunflower-Valid (395).jpeg,9,Sunflower
data/Sunflower/Sunflower-Valid (97).jpeg,9,Sunflower
data/Sunflower/Sunflower-Valid (291).jpeg,9,Sunflower
data/Sunflower/Sunflower-Valid (447).jpeg,9,Sunflower
data/Sunflower/Sunflower-Valid (53).jpeg,9,Sunflower
data/Sunflower/Sunflower-Valid (235).jpeg,9,Sunflower
data/Sunflower/Sunflower-Valid (464).jpeg,9,Sunflower
data/Sunflower/Sunflower-Valid (109).jpeg,9,Sunflower
data/Sunflower/Sunflower-Valid (442).jpeg,9,Sunflower
data/Sunflower/Sunflower-Valid (348).jpeg,9,Sunflower
data/Sunflower/Sunflower-Valid (310).jpeg,9,Sunflower
data/Sunflower/Sunflower-Valid (438).jpeg,9,Sunflower
data/Sunflower/Sunflower-Valid (171).jpeg,9,Sunflower
data/Sunflower/Sunflower-Valid (487).jpeg,9,Sunflower
data/Sunflower/Sunflower-Valid (55).jpeg,9,Sunflower
data/Sunflower/Sunflower-Valid (402).jpeg,9,Sunflower
data/Sunflower/Sunflower-Valid (421).jpeg,9,Sunflower
data/Sunflower/Sunflower-Valid (257).jpeg,9,Sunflower
data/Sunflower/Sunflower-Valid (52).jpeg,9,Sunflower
data/Sunflower/Sunflower-Valid (328).jpeg,9,Sunflower
data/Sunflower/Sunflower-Valid (445).jpeg,9,Sunflower
data/Sunflower/Sunflower-Valid (176).jpeg,9,Sunflower
data/Sunflower/Sunflower-Valid (172).jpeg,9,Sunflower
data/Sunflower/Sunflower-Valid (459).jpeg,9,Sunflower
data/Sunflower/Sunflower-Valid (349).jpeg,9,Sunflower
data/Sunflower/Sunflower-Valid (14).jpeg,9,Sunflower
data/Sunflower/Sunflower-Valid (90).jpeg,9,Sunflower
data/Sunflower/Sunflower-Valid (1).jpeg,9,Sunflower
data/Sunflower/Sunflower-Valid (194).jpeg,9,Sunflower
data/Sunflower/Sunflower-Valid (34).jpeg,9,Sunflower
data/Sunflower/Sunflower-Valid (419).jpeg,9,Sunflower
data/Sunflower/Sunflower-Valid (293).jpeg,9,Sunflower
data/Sunflower/Sunflower-Valid (216).jpeg,9,Sunflower
data/Sunflower/Sunflower-Valid (73).jpeg,9,Sunflower
data/Sunflower/Sunflower-Valid (354).jpeg,9,Sunflower
data/Sunflower/Sunflower-Valid (478).jpeg,9,Sunflower
data/Sunflower/Sunflower-Valid (113).jpeg,9,Sunflower
data/Sunflower/Sunflower-Valid (71).jpeg,9,Sunflower
data/Sunflower/Sunflower-Valid (424).jpeg,9,Sunflower
data/Sunflower/Sunflower-Valid (36).jpeg,9,Sunflower
data/Sunflower/Sunflower-Valid (376).jpeg,9,Sunflower
data/Sunflower/Sunflower-Valid (3).jpeg,9,Sunflower
data/Sunflower/Sunflower-Valid (50).jpeg,9,Sunflower
data/Sunflower/Sunflower-Valid (248).jpeg,9,Sunflower
data/Sunflower/Sunflower-Valid (117).jpeg,9,Sunflower
data/Sunflower/Sunflower-Valid (197).jpeg,9,Sunflower
data/Sunflower/Sunflower-Valid (75).jpeg,9,Sunflower
data/Sunflower/Sunflower-Valid (288).jpeg,9,Sunflower
data/Sunflower/Sunflower-Valid (108).jpeg,9,Sunflower
data/Sunflower/Sunflower-Valid (295).jpeg,9,Sunflower
data/Sunflower/Sunflower-Valid (174).jpeg,9,Sunflower
data/Sunflower/Sunflower-Valid (481).jpeg,9,Sunflower
data/Sunflower/Sunflower-Valid (149).jpeg,9,Sunflower
data/Sunflower/Sunflower-Valid (390).jpeg,9,Sunflower
data/Sunflower/Sunflower-Valid (388).jpeg,9,Sunflower
data/Sunflower/Sunflower-Valid (371).jpeg,9,Sunflower
data/Sunflower/Sunflower-Valid (2).jpeg,9,Sunflower
data/Sunflower/Sunflower-Valid (137).jpeg,9,Sunflower
data/Sunflower/Sunflower-Valid (443).jpeg,9,Sunflower
data/Sunflower/Sunflower-Valid (211).jpeg,9,Sunflower
data/Sunflower/Sunflower-Valid (213).jpeg,9,Sunflower
data/Sunflower/Sunflower-Valid (336).jpeg,9,Sunflower
data/Sunflower/Sunflower-Valid (92).jpeg,9,Sunflower
data/Sunflower/Sunflower-Valid (479).jpeg,9,Sunflower
data/Sunflower/Sunflower-Valid (297).jpeg,9,Sunflower
data/Sunflower/Sunflower-Valid (353).jpeg,9,Sunflower
data/Sunflower/Sunflower-Valid (392).jpeg,9,Sunflower
data/Sunflower/Sunflower-Valid (210).jpeg,9,Sunflower
data/Sunflower/Sunflower-Valid (170).jpeg,9,Sunflower
data/Sunflower/Sunflower-Valid (499).jpeg,9,Sunflower
data/Sunflower/Sunflower-Valid (393).jpeg,9,Sunflower
data/Sunflower/Sunflower-Valid (375).jpeg,9,Sunflower
data/Sunflower/Sunflower-Valid (77).jpeg,9,Sunflower
data/Sunflower/Sunflower-Valid (331).jpeg,9,Sunflower
data/Sunflower/Sunflower-Valid (317).jpeg,9,Sunflower
data/Sunflower/Sunflower-Valid (209).jpeg,9,Sunflower
data/Sunflower/Sunflower-Valid (212).jpeg,9,Sunflower
data/Sunflower/Sunflower-Valid (374).jpeg,9,Sunflower
data/Sunflower/Sunflower-Valid (269).jpeg,9,Sunflower
data/Sunflower/Sunflower-Valid (254).jpeg,9,Sunflower
data/Sunflower/Sunflower-Valid (330).jpeg,9,Sunflower
data/Sunflower/Sunflower-Valid (214).jpeg,9,Sunflower
data/Sunflower/Sunflower-Valid (270).jpeg,9,Sunflower
data/Sunflower/Sunflower-Valid (400).jpeg,9,Sunflower
data/Sunflower/Sunflower-Valid (12).jpeg,9,Sunflower
data/Sunflower/Sunflower-Valid (111).jpeg,9,Sunflower
data/Sunflower/Sunflower-Valid (373).jpeg,9,Sunflower
data/Sunflower/Sunflower-Valid (268).jpeg,9,Sunflower
data/Sunflower/Sunflower-Valid (136).jpeg,9,Sunflower
data/Sunflower/Sunflower-Valid (229).jpeg,9,Sunflower
data/Sunflower/Sunflower-Valid (15).jpeg,9,Sunflower
data/Sunflower/Sunflower-Valid (232).jpeg,9,Sunflower
data/Sunflower/Sunflower-Valid (422).jpeg,9,Sunflower
data/Sunflower/Sunflower-Valid (482).jpeg,9,Sunflower
data/Sunflower/Sunflower-Valid (169).jpeg,9,Sunflower
data/Sunflower/Sunflower-Valid (156).jpeg,9,Sunflower
data/Sunflower/Sunflower-Valid (420).jpeg,9,Sunflower
data/Sunflower/Sunflower-Valid (483).jpeg,9,Sunflower
data/Sunflower/Sunflower-Valid (334).jpeg,9,Sunflower
data/Sunflower/Sunflower-Valid (333).jpeg,9,Sunflower
data/Sunflower/Sunflower-Valid (315).jpeg,9,Sunflower
data/Sunflower/Sunflower-Valid (155).jpeg,9,Sunflower
data/Sunflower/Sunflower-Valid (294).jpeg,9,Sunflower
data/Sunflower/Sunflower-Valid (68).jpeg,9,Sunflower
data/Sunflower/Sunflower-Valid (195).jpeg,9,Sunflower
data/Sunflower/Sunflower-Valid (407).jpeg,9,Sunflower
data/Sunflower/Sunflower-Valid (16).jpeg,9,Sunflower
data/Sunflower/Sunflower-Valid (275).jpeg,9,Sunflower
data/Sunflower/Sunflower-Valid (236).jpeg,9,Sunflower
data/Sunflower/Sunflower-Valid (168).jpeg,9,Sunflower
data/Sunflower/Sunflower-Valid (351).jpeg,9,Sunflower
data/Sunflower/Sunflower-Valid (458).jpeg,9,Sunflower
data/Sunflower/Sunflower-Valid (271).jpeg,9,Sunflower
data/Sunflower/Sunflower-Valid (134).jpeg,9,Sunflower
data/Sunflower/Sunflower-Valid (57).jpeg,9,Sunflower
data/Sunflower/Sunflower-Valid (329).jpeg,9,Sunflower
data/Sunflower/Sunflower-Valid (32).jpeg,9,Sunflower
data/Sunflower/Sunflower-Valid (48).jpeg,9,Sunflower
data/Sunflower/Sunflower-Valid (154).jpeg,9,Sunflower
